
<Generation>
  <Exception target="Project" rootXPath="/WebProject">
    <Title>Error</Title>
    <Reason>Compile failed; see the compiler error output for details.</Reason>
    <Cause>org.eclipse.core.runtime.CoreException: /opt/webratio/WebRatio/plugins/com.webratio.generator.webapp_7.2.18.201903231300/DataModel/JavaCompile.xml:7: Compile failed; see the compiler error output for details.
	at org.eclipse.ant.core.AntRunner.handleInvocationTargetException(AntRunner.java:452)
	at org.eclipse.ant.core.AntRunner.run(AntRunner.java:384)
	at org.eclipse.ant.core.AntRunner.run(AntRunner.java:475)
	at sun.reflect.NativeMethodAccessorImpl.invoke0(Native Method)
	at sun.reflect.NativeMethodAccessorImpl.invoke(NativeMethodAccessorImpl.java:57)
	at sun.reflect.DelegatingMethodAccessorImpl.invoke(DelegatingMethodAccessorImpl.java:43)
	at java.lang.reflect.Method.invoke(Method.java:606)
	at org.codehaus.groovy.reflection.CachedMethod.invoke(CachedMethod.java:86)
	at groovy.lang.MetaMethod.doMethodInvoke(MetaMethod.java:230)
	at groovy.lang.MetaClassImpl.invokeMethod(MetaClassImpl.java:912)
	at groovy.lang.MetaClassImpl.invokeMethod(MetaClassImpl.java:756)
	at org.codehaus.groovy.runtime.InvokerHelper.invokePojoMethod(InvokerHelper.java:766)
	at org.codehaus.groovy.runtime.InvokerHelper.invokeMethod(InvokerHelper.java:754)
	at org.codehaus.groovy.runtime.ScriptBytecodeAdapter.invokeMethodN(ScriptBytecodeAdapter.java:170)
	at org.codehaus.groovy.runtime.ScriptBytecodeAdapter.invokeMethod0(ScriptBytecodeAdapter.java:198)
	at com_webratio_generator_webapp_7_2_18_201903231300_DataModel_Main_template_1701209222484.run(com_webratio_generator_webapp_7_2_18_201903231300_DataModel_Main_template_1701209222484:134)
	at com.webratio.commons.transform.groovy.GroovyTemplate.evaluateObject(GroovyTemplate.java:255)
	at com.webratio.commons.transform.groovy.GroovyTemplate.evaluateScript(GroovyTemplate.java:192)
	at com.webratio.commons.transform.groovy.GroovyTemplate.evaluate(GroovyTemplate.java:167)
	at com.webratio.commons.transform.groovy.Script2$ExecuteTemplateClosure.doCall(Script2.java:124)
	at com.webratio.commons.transform.groovy.Script2$ExecuteTemplateClosure.doCall(Script2.java:108)
	at com.webratio.commons.transform.groovy.Script2$ExecuteTemplateClosure.doCall(Script2.java:104)
	at sun.reflect.NativeMethodAccessorImpl.invoke0(Native Method)
	at sun.reflect.NativeMethodAccessorImpl.invoke(NativeMethodAccessorImpl.java:57)
	at sun.reflect.DelegatingMethodAccessorImpl.invoke(DelegatingMethodAccessorImpl.java:43)
	at java.lang.reflect.Method.invoke(Method.java:606)
	at org.codehaus.groovy.reflection.CachedMethod.invoke(CachedMethod.java:86)
	at groovy.lang.MetaMethod.doMethodInvoke(MetaMethod.java:230)
	at groovy.lang.MetaClassImpl.invokeMethod(MetaClassImpl.java:912)
	at groovy.lang.MetaClassImpl.invokeMethod(MetaClassImpl.java:927)
	at org.codehaus.groovy.runtime.ScriptBytecodeAdapter.invokeMethodOnCurrentN(ScriptBytecodeAdapter.java:78)
	at com_webratio_generator_webapp_7_2_18_201903231300_WebApp_Main_template_1701209224696.run(com_webratio_generator_webapp_7_2_18_201903231300_WebApp_Main_template_1701209224696:117)
	at com.webratio.commons.transform.groovy.GroovyTemplate.evaluateObject(GroovyTemplate.java:255)
	at com.webratio.commons.transform.groovy.GroovyTemplate.evaluateScript(GroovyTemplate.java:192)
	at com.webratio.commons.transform.groovy.GroovyTemplate.evaluate(GroovyTemplate.java:167)
	at com.webratio.commons.transform.groovy.GroovyTemplate.evaluate(GroovyTemplate.java:149)
	at com.webratio.ide.deploy.core.jobs.GenerateWebAppJob.doRun(GenerateWebAppJob.java:179)
	at com.webratio.ide.deploy.core.jobs.AbstractDeploymentJob.runExternal(AbstractDeploymentJob.java:84)
	at com.webratio.commons.mf.jobs.ExternalJob.run(ExternalJob.java:53)
	at org.eclipse.core.internal.jobs.Worker.run(Worker.java:54)
Caused by: /opt/webratio/WebRatio/plugins/com.webratio.generator.webapp_7.2.18.201903231300/DataModel/JavaCompile.xml:7: Compile failed; see the compiler error output for details.
	at org.apache.tools.ant.taskdefs.Javac.compile(Javac.java:1079)
	at org.apache.tools.ant.taskdefs.Javac.execute(Javac.java:882)
	at org.apache.tools.ant.UnknownElement.execute(UnknownElement.java:288)
	at sun.reflect.NativeMethodAccessorImpl.invoke0(Native Method)
	at sun.reflect.NativeMethodAccessorImpl.invoke(NativeMethodAccessorImpl.java:57)
	at sun.reflect.DelegatingMethodAccessorImpl.invoke(DelegatingMethodAccessorImpl.java:43)
	at java.lang.reflect.Method.invoke(Method.java:606)
	at org.apache.tools.ant.dispatch.DispatchUtils.execute(DispatchUtils.java:106)
	at org.apache.tools.ant.Task.perform(Task.java:348)
	at org.apache.tools.ant.Target.execute(Target.java:357)
	at org.apache.tools.ant.Target.performTasks(Target.java:385)
	at org.apache.tools.ant.Project.executeSortedTargets(Project.java:1337)
	at org.apache.tools.ant.Project.executeTarget(Project.java:1306)
	at org.apache.tools.ant.helper.DefaultExecutor.executeTargets(DefaultExecutor.java:41)
	at org.eclipse.ant.internal.core.ant.EclipseDefaultExecutor.executeTargets(EclipseDefaultExecutor.java:32)
	at org.apache.tools.ant.Project.executeTargets(Project.java:1189)
	at org.eclipse.ant.internal.core.ant.InternalAntRunner.run(InternalAntRunner.java:662)
	at org.eclipse.ant.internal.core.ant.InternalAntRunner.run(InternalAntRunner.java:495)
	at sun.reflect.NativeMethodAccessorImpl.invoke0(Native Method)
	at sun.reflect.NativeMethodAccessorImpl.invoke(NativeMethodAccessorImpl.java:57)
	at sun.reflect.DelegatingMethodAccessorImpl.invoke(DelegatingMethodAccessorImpl.java:43)
	at java.lang.reflect.Method.invoke(Method.java:606)
	at org.eclipse.ant.core.AntRunner.run(AntRunner.java:378)
	... 38 more
</Cause>  </Exception></Generation>