<?xml version="1.0" encoding="UTF-8"?>

<Warnings> 
  <Warning xpath="id('password')" rootXPath="/WebProject/DataModel" label="password" tab="mapping"> 
    <Message>Security Warning: the 'password' attribute is not encrypted</Message>  
    <Resolution class="com.webratio.ide.ui.resources.ChangeAttributeResolutionGenerator" attribute="db:cryptAlgorithm" value="com.webratio.rtx.core.PBKDF2WithHmacSHA1CryptImplementation">Set the 'Crypt Algorithm' property to 'PBKDF2WithHmacSHA1'</Resolution> 
  </Warning>  
  <Warning xpath="id('User')" rootXPath="/WebProject/DataModel" error="true" tab="mapping" label="User"> 
    <Message>The mapping database of the entity 'User' is unspecified</Message> 
  </Warning>  
  <Warning xpath="id('Group')" rootXPath="/WebProject/DataModel" error="true" tab="mapping" label="Group"> 
    <Message>The mapping database of the entity 'Group' is unspecified</Message> 
  </Warning>  
  <Warning xpath="id('Module')" rootXPath="/WebProject/DataModel" error="true" tab="mapping" label="Module"> 
    <Message>The mapping database of the entity 'Module' is unspecified</Message> 
  </Warning>  
  <Warning xpath="id('ent1')" rootXPath="/WebProject/DataModel" error="true" tab="mapping" label="KartingCenter"> 
    <Message>The mapping database of the entity 'KartingCenter' is unspecified</Message> 
  </Warning>  
  <Warning xpath="id('ent2')" rootXPath="/WebProject/DataModel" error="true" tab="mapping" label="Track"> 
    <Message>The mapping database of the entity 'Track' is unspecified</Message> 
  </Warning>  
  <Warning xpath="id('ent3')" rootXPath="/WebProject/DataModel" error="true" tab="mapping" label="KartingCenterAdmin"> 
    <Message>The mapping database of the entity 'KartingCenterAdmin' is unspecified</Message> 
  </Warning>  
  <Warning xpath="id('ent5')" rootXPath="/WebProject/DataModel" error="true" tab="mapping" label="GoKart"> 
    <Message>The mapping database of the entity 'GoKart' is unspecified</Message> 
  </Warning>  
  <Warning xpath="id('ent6')" rootXPath="/WebProject/DataModel" error="true" tab="mapping" label="GoKartModel"> 
    <Message>The mapping database of the entity 'GoKartModel' is unspecified</Message> 
  </Warning>  
  <Warning xpath="id('ent7')" rootXPath="/WebProject/DataModel" error="true" tab="mapping" label="Race"> 
    <Message>The mapping database of the entity 'Race' is unspecified</Message> 
  </Warning>  
  <Warning xpath="id('ent9')" rootXPath="/WebProject/DataModel" error="true" tab="mapping" label="Event"> 
    <Message>The mapping database of the entity 'Event' is unspecified</Message> 
  </Warning>  
  <Warning xpath="id('ent10')" rootXPath="/WebProject/DataModel" error="true" tab="mapping" label="Organizer"> 
    <Message>The mapping database of the entity 'Organizer' is unspecified</Message> 
  </Warning>  
  <Warning xpath="id('ent11')" rootXPath="/WebProject/DataModel" error="true" tab="mapping" label="EventCategory"> 
    <Message>The mapping database of the entity 'EventCategory' is unspecified</Message> 
  </Warning>  
  <Warning xpath="id('ent12')" rootXPath="/WebProject/DataModel" error="true" tab="mapping" label="Pilot"> 
    <Message>The mapping database of the entity 'Pilot' is unspecified</Message> 
  </Warning>  
  <Warning xpath="id('ent13')" rootXPath="/WebProject/DataModel" error="true" tab="mapping" label="UpcomingEvent"> 
    <Message>The mapping database of the entity 'UpcomingEvent' is unspecified</Message> 
  </Warning>  
  <Warning xpath="id('ent14')" rootXPath="/WebProject/DataModel" error="true" tab="mapping" label="PopularEvent"> 
    <Message>The mapping database of the entity 'PopularEvent' is unspecified</Message> 
  </Warning>  
  <Warning xpath="id('ent15')" rootXPath="/WebProject/DataModel" error="true" tab="mapping" label="City"> 
    <Message>The mapping database of the entity 'City' is unspecified</Message> 
  </Warning>  
  <Warning xpath="id('ent16')" rootXPath="/WebProject/DataModel" error="true" tab="mapping" label="PopularTrack"> 
    <Message>The mapping database of the entity 'PopularTrack' is unspecified</Message> 
  </Warning>  
  <Warning xpath="id('ent17')" rootXPath="/WebProject/DataModel" error="true" tab="mapping" label="LeaderBoard"> 
    <Message>The mapping database of the entity 'LeaderBoard' is unspecified</Message> 
  </Warning>  
  <Warning xpath="id('ent18')" rootXPath="/WebProject/DataModel" error="true" tab="mapping" label="Timetable"> 
    <Message>The mapping database of the entity 'Timetable' is unspecified</Message> 
  </Warning>  
  <Warning xpath="id('ent19')" rootXPath="/WebProject/DataModel" error="true" tab="mapping" label="ControversialEvent"> 
    <Message>The mapping database of the entity 'ControversialEvent' is unspecified</Message> 
  </Warning>  
  <Warning xpath="id('ent21')" rootXPath="/WebProject/DataModel" error="true" tab="mapping" label="PriceRange"> 
    <Message>The mapping database of the entity 'PriceRange' is unspecified</Message> 
  </Warning>  
  <Warning xpath="id('ent22')" rootXPath="/WebProject/DataModel" error="true" tab="mapping" label="Reservation"> 
    <Message>The mapping database of the entity 'Reservation' is unspecified</Message> 
  </Warning>  
  <Warning xpath="id('ent23')" rootXPath="/WebProject/DataModel" error="true" tab="mapping" label="EventReview"> 
    <Message>The mapping database of the entity 'EventReview' is unspecified</Message> 
  </Warning>  
  <Warning xpath="id('ent24')" rootXPath="/WebProject/DataModel" error="true" tab="mapping" label="KartingCenterReview"> 
    <Message>The mapping database of the entity 'KartingCenterReview' is unspecified</Message> 
  </Warning>  
  <Warning xpath="id('ent20')" rootXPath="/WebProject/DataModel" error="true" tab="mapping" label="TrackLengthRange"> 
    <Message>The mapping database of the entity 'TrackLengthRange' is unspecified</Message> 
  </Warning>  
  <Warning xpath="id('ent25')" rootXPath="/WebProject/DataModel" error="true" tab="mapping" label="TrackDifficulty"> 
    <Message>The mapping database of the entity 'TrackDifficulty' is unspecified</Message> 
  </Warning>  
  <Warning xpath="id('ent26')" rootXPath="/WebProject/DataModel" error="true" tab="mapping" label="TrackAsphalt"> 
    <Message>The mapping database of the entity 'TrackAsphalt' is unspecified</Message> 
  </Warning>  
  <Warning xpath="id('ent8')" rootXPath="/WebProject/DataModel" error="true" tab="mapping" label="LapTime"> 
    <Message>The mapping database of the entity 'LapTime' is unspecified</Message> 
  </Warning>  
  <Warning xpath="id('ent27')" rootXPath="/WebProject/DataModel" error="true" tab="mapping" label="NEventsRange"> 
    <Message>The mapping database of the entity 'NEventsRange' is unspecified</Message> 
  </Warning>  
  <Warning xpath="id('ent28')" rootXPath="/WebProject/DataModel" error="true" tab="mapping" label="NRacesRange"> 
    <Message>The mapping database of the entity 'NRacesRange' is unspecified</Message> 
  </Warning>  
  <Warning xpath="id('ent29')" rootXPath="/WebProject/DataModel" error="true" tab="mapping" label="NPilotsRange"> 
    <Message>The mapping database of the entity 'NPilotsRange' is unspecified</Message> 
  </Warning>  
  <Warning xpath="id('ent30')" rootXPath="/WebProject/DataModel" error="true" tab="mapping" label="Clerk"> 
    <Message>The mapping database of the entity 'Clerk' is unspecified</Message> 
  </Warning>  
  <Warning xpath="id('ent4')" rootXPath="/WebProject/DataModel" error="true" tab="mapping" label="KCReviewScoreRange"> 
    <Message>The mapping database of the entity 'KCReviewScoreRange' is unspecified</Message> 
  </Warning>  
  <Warning xpath="id('ent31')" rootXPath="/WebProject/DataModel" error="true" tab="mapping" label="EReviewScoreRange"> 
    <Message>The mapping database of the entity 'EReviewScoreRange' is unspecified</Message> 
  </Warning>  
  <Warning xpath="id('ent32')" rootXPath="/WebProject/DataModel" error="true" tab="mapping" label="TrackReview"> 
    <Message>The mapping database of the entity 'TrackReview' is unspecified</Message> 
  </Warning>  
  <Warning xpath="id('ent33')" rootXPath="/WebProject/DataModel" error="true" tab="mapping" label="TReviewScoreRange"> 
    <Message>The mapping database of the entity 'TReviewScoreRange' is unspecified</Message> 
  </Warning>  
  <Warning xpath="id('ent34')" rootXPath="/WebProject/DataModel" error="true" tab="mapping" label="Application"> 
    <Message>The mapping database of the entity 'Application' is unspecified</Message> 
  </Warning>  
  <Warning xpath="id('User2Group_Group2User')" rootXPath="/WebProject/DataModel" error="true" tab="mapping" label="User_Group"> 
    <Message>The mapping database of the relationship 'User_Group' is unspecified</Message> 
  </Warning>
  <Warning xpath="id('User2DefaultGroup_DefaultGroup2User')" rootXPath="/WebProject/DataModel" error="true" tab="mapping" label="User_DefaultGroup"> 
    <Message>The mapping database of the relationship 'User_DefaultGroup' is unspecified</Message> 
  </Warning>
  <Warning xpath="id('Group2DefaultModule_DefaultModule2Group')" rootXPath="/WebProject/DataModel" error="true" tab="mapping" label="Group_DefaultModule"> 
    <Message>The mapping database of the relationship 'Group_DefaultModule' is unspecified</Message> 
  </Warning>
  <Warning xpath="id('Group2Module_Module2Group')" rootXPath="/WebProject/DataModel" error="true" tab="mapping" label="Group_Module"> 
    <Message>The mapping database of the relationship 'Group_Module' is unspecified</Message> 
  </Warning>
  <Warning xpath="id('rel1')" rootXPath="/WebProject/DataModel" error="true" tab="mapping" label="KartingCenter_Track"> 
    <Message>The mapping database of the relationship 'KartingCenter_Track' is unspecified</Message> 
  </Warning>
  <Warning xpath="id('rel4')" rootXPath="/WebProject/DataModel" error="true" tab="mapping" label="KartingCenterAdmin_KartingCenter"> 
    <Message>The mapping database of the relationship 'KartingCenterAdmin_KartingCenter' is unspecified</Message> 
  </Warning>
  <Warning xpath="id('rel6')" rootXPath="/WebProject/DataModel" error="true" tab="mapping" label="GoKart_Track"> 
    <Message>The mapping database of the relationship 'GoKart_Track' is unspecified</Message> 
  </Warning>
  <Warning xpath="id('rel7')" rootXPath="/WebProject/DataModel" error="true" tab="mapping" label="GoKartCategory_GoKart"> 
    <Message>The mapping database of the relationship 'GoKartCategory_GoKart' is unspecified</Message> 
  </Warning>
  <Warning xpath="id('rel8')" rootXPath="/WebProject/DataModel" error="true" tab="mapping" label="Race_Track"> 
    <Message>The mapping database of the relationship 'Race_Track' is unspecified</Message> 
  </Warning>
  <Warning xpath="id('rel2')" rootXPath="/WebProject/DataModel" error="true" tab="mapping" label="Event_Race"> 
    <Message>The mapping database of the relationship 'Event_Race' is unspecified</Message> 
  </Warning>
  <Warning xpath="id('rel3')" rootXPath="/WebProject/DataModel" error="true" tab="mapping" label="Organizer_Event"> 
    <Message>The mapping database of the relationship 'Organizer_Event' is unspecified</Message> 
  </Warning>
  <Warning xpath="id('rel10')" rootXPath="/WebProject/DataModel" error="true" tab="mapping" label="EventCategory_Event"> 
    <Message>The mapping database of the relationship 'EventCategory_Event' is unspecified</Message> 
  </Warning>
  <Warning xpath="id('rel11')" rootXPath="/WebProject/DataModel" error="true" tab="mapping" label="Participation"> 
    <Message>The mapping database of the relationship 'Participation' is unspecified</Message> 
  </Warning>
  <Warning xpath="id('rel12')" rootXPath="/WebProject/DataModel" error="true" tab="mapping" label="City_KartingCenter"> 
    <Message>The mapping database of the relationship 'City_KartingCenter' is unspecified</Message> 
  </Warning>
  <Warning xpath="id('rel13')" rootXPath="/WebProject/DataModel" error="true" tab="mapping" label="LeaderBoard_Track"> 
    <Message>The mapping database of the relationship 'LeaderBoard_Track' is unspecified</Message> 
  </Warning>
  <Warning xpath="id('rel14')" rootXPath="/WebProject/DataModel" error="true" tab="mapping" label="Timetable_Track"> 
    <Message>The mapping database of the relationship 'Timetable_Track' is unspecified</Message> 
  </Warning>
  <Warning xpath="id('rel15')" rootXPath="/WebProject/DataModel" error="true" tab="mapping" label="EventConfirmed4Pilot"> 
    <Message>The mapping database of the relationship 'EventConfirmed4Pilot' is unspecified</Message> 
  </Warning>
  <Warning xpath="id('rel19')" rootXPath="/WebProject/DataModel" error="true" tab="mapping" label="PriceRange_Event"> 
    <Message>The mapping database of the relationship 'PriceRange_Event' is unspecified</Message> 
  </Warning>
  <Warning xpath="id('rel20')" rootXPath="/WebProject/DataModel" error="true" tab="mapping" label="GoKartCategory_Track"> 
    <Message>The mapping database of the relationship 'GoKartCategory_Track' is unspecified</Message> 
  </Warning>
  <Warning xpath="id('rel21')" rootXPath="/WebProject/DataModel" error="true" tab="mapping" label="Pilot_Reservation"> 
    <Message>The mapping database of the relationship 'Pilot_Reservation' is unspecified</Message> 
  </Warning>
  <Warning xpath="id('rel22')" rootXPath="/WebProject/DataModel" error="true" tab="mapping" label="Reservation_Race"> 
    <Message>The mapping database of the relationship 'Reservation_Race' is unspecified</Message> 
  </Warning>
  <Warning xpath="id('rel25')" rootXPath="/WebProject/DataModel" error="true" tab="mapping" label="EventReview_Pilot"> 
    <Message>The mapping database of the relationship 'EventReview_Pilot' is unspecified</Message> 
  </Warning>
  <Warning xpath="id('rel26')" rootXPath="/WebProject/DataModel" error="true" tab="mapping" label="EventReview_Event"> 
    <Message>The mapping database of the relationship 'EventReview_Event' is unspecified</Message> 
  </Warning>
  <Warning xpath="id('rel28')" rootXPath="/WebProject/DataModel" error="true" tab="mapping" label="KartingCenterReview_KartingCenter"> 
    <Message>The mapping database of the relationship 'KartingCenterReview_KartingCenter' is unspecified</Message> 
  </Warning>
  <Warning xpath="id('rel29')" rootXPath="/WebProject/DataModel" error="true" tab="mapping" label="Pilot_KartingCenterReview"> 
    <Message>The mapping database of the relationship 'Pilot_KartingCenterReview' is unspecified</Message> 
  </Warning>
  <Warning xpath="id('rel18')" rootXPath="/WebProject/DataModel" error="true" tab="mapping" label="Track_TrackLength"> 
    <Message>The mapping database of the relationship 'Track_TrackLength' is unspecified</Message> 
  </Warning>
  <Warning xpath="id('rel23')" rootXPath="/WebProject/DataModel" error="true" tab="mapping" label="TrackDifficulty_Track"> 
    <Message>The mapping database of the relationship 'TrackDifficulty_Track' is unspecified</Message> 
  </Warning>
  <Warning xpath="id('rel30')" rootXPath="/WebProject/DataModel" error="true" tab="mapping" label="TrackAsphalt_Track"> 
    <Message>The mapping database of the relationship 'TrackAsphalt_Track' is unspecified</Message> 
  </Warning>
  <Warning xpath="id('rel5')" rootXPath="/WebProject/DataModel" error="true" tab="mapping" label="Timetable_Reservation"> 
    <Message>The mapping database of the relationship 'Timetable_Reservation' is unspecified</Message> 
  </Warning>
  <Warning xpath="id('rel24')" rootXPath="/WebProject/DataModel" error="true" tab="mapping" label="Race_LapTime"> 
    <Message>The mapping database of the relationship 'Race_LapTime' is unspecified</Message> 
  </Warning>
  <Warning xpath="id('rel27')" rootXPath="/WebProject/DataModel" error="true" tab="mapping" label="LapTime_Pilot"> 
    <Message>The mapping database of the relationship 'LapTime_Pilot' is unspecified</Message> 
  </Warning>
  <Warning xpath="id('rel31')" rootXPath="/WebProject/DataModel" error="true" tab="mapping" label="NEventsRange_KartingCenter"> 
    <Message>The mapping database of the relationship 'NEventsRange_KartingCenter' is unspecified</Message> 
  </Warning>
  <Warning xpath="id('rel32')" rootXPath="/WebProject/DataModel" error="true" tab="mapping" label="NRacesRange_KartingCenter"> 
    <Message>The mapping database of the relationship 'NRacesRange_KartingCenter' is unspecified</Message> 
  </Warning>
  <Warning xpath="id('rel33')" rootXPath="/WebProject/DataModel" error="true" tab="mapping" label="NPilotsRange_KartingCenter"> 
    <Message>The mapping database of the relationship 'NPilotsRange_KartingCenter' is unspecified</Message> 
  </Warning>
  <Warning xpath="id('rel34')" rootXPath="/WebProject/DataModel" error="true" tab="mapping" label="Organizer_Reservation"> 
    <Message>The mapping database of the relationship 'Organizer_Reservation' is unspecified</Message> 
  </Warning>
  <Warning xpath="id('rel35')" rootXPath="/WebProject/DataModel" error="true" tab="mapping" label="Clerk_KartingCenter"> 
    <Message>The mapping database of the relationship 'Clerk_KartingCenter' is unspecified</Message> 
  </Warning>
  <Warning xpath="id('rel36')" rootXPath="/WebProject/DataModel" error="true" tab="mapping" label="Clerk_Reservation"> 
    <Message>The mapping database of the relationship 'Clerk_Reservation' is unspecified</Message> 
  </Warning>
  <Warning xpath="id('rel37')" rootXPath="/WebProject/DataModel" error="true" tab="mapping" label="LeaderBoard_LapTime"> 
    <Message>The mapping database of the relationship 'LeaderBoard_LapTime' is unspecified</Message> 
  </Warning>
  <Warning xpath="id('rel38')" rootXPath="/WebProject/DataModel" error="true" tab="mapping" label="KCReviewScoreRange_KartingCenter"> 
    <Message>The mapping database of the relationship 'KCReviewScoreRange_KartingCenter' is unspecified</Message> 
  </Warning>
  <Warning xpath="id('rel39')" rootXPath="/WebProject/DataModel" error="true" tab="mapping" label="EReviewScoreRange_Event"> 
    <Message>The mapping database of the relationship 'EReviewScoreRange_Event' is unspecified</Message> 
  </Warning>
  <Warning xpath="id('rel40')" rootXPath="/WebProject/DataModel" error="true" tab="mapping" label="NPilotsRange_Track"> 
    <Message>The mapping database of the relationship 'NPilotsRange_Track' is unspecified</Message> 
  </Warning>
  <Warning xpath="id('rel41')" rootXPath="/WebProject/DataModel" error="true" tab="mapping" label="NEventsRange_Track"> 
    <Message>The mapping database of the relationship 'NEventsRange_Track' is unspecified</Message> 
  </Warning>
  <Warning xpath="id('rel42')" rootXPath="/WebProject/DataModel" error="true" tab="mapping" label="NRacesRange_Track"> 
    <Message>The mapping database of the relationship 'NRacesRange_Track' is unspecified</Message> 
  </Warning>
  <Warning xpath="id('rel43')" rootXPath="/WebProject/DataModel" error="true" tab="mapping" label="City_Track"> 
    <Message>The mapping database of the relationship 'City_Track' is unspecified</Message> 
  </Warning>
  <Warning xpath="id('rel44')" rootXPath="/WebProject/DataModel" error="true" tab="mapping" label="City_Event"> 
    <Message>The mapping database of the relationship 'City_Event' is unspecified</Message> 
  </Warning>
  <Warning xpath="id('rel45')" rootXPath="/WebProject/DataModel" error="true" tab="mapping" label="TrackReview_Pilot"> 
    <Message>The mapping database of the relationship 'TrackReview_Pilot' is unspecified</Message> 
  </Warning>
  <Warning xpath="id('rel46')" rootXPath="/WebProject/DataModel" error="true" tab="mapping" label="TrackReview_Track"> 
    <Message>The mapping database of the relationship 'TrackReview_Track' is unspecified</Message> 
  </Warning>
  <Warning xpath="id('rel47')" rootXPath="/WebProject/DataModel" error="true" tab="mapping" label="TReviewScoreRange_Track"> 
    <Message>The mapping database of the relationship 'TReviewScoreRange_Track' is unspecified</Message> 
  </Warning>
  <Warning xpath="id('rel50')" rootXPath="/WebProject/DataModel" error="true" tab="mapping" label="FavouriteTracks"> 
    <Message>The mapping database of the relationship 'FavouriteTracks' is unspecified</Message> 
  </Warning>
  <Warning xpath="id('rel51')" rootXPath="/WebProject/DataModel" error="true" tab="mapping" label="LastRace"> 
    <Message>The mapping database of the relationship 'LastRace' is unspecified</Message> 
  </Warning>
  <Warning xpath="id('rel48')" rootXPath="/WebProject/DataModel" error="true" tab="mapping" label="Pilot_Application"> 
    <Message>The mapping database of the relationship 'Pilot_Application' is unspecified</Message> 
  </Warning>
  <Warning xpath="id('rel49')" rootXPath="/WebProject/DataModel" error="true" tab="mapping" label="Application_Event"> 
    <Message>The mapping database of the relationship 'Application_Event' is unspecified</Message> 
  </Warning>
  <Warning xpath="id('rel52')" rootXPath="/WebProject/DataModel" error="true" tab="mapping" label="Event_KartingCenter"> 
    <Message>The mapping database of the relationship 'Event_KartingCenter' is unspecified</Message> 
  </Warning>
  <Warning xpath="id('rel53')" rootXPath="/WebProject/DataModel" error="true" tab="mapping" label="Event_Track"> 
    <Message>The mapping database of the relationship 'Event_Track' is unspecified</Message> 
  </Warning>  
  <Warning xpath="id('sv2#area11')" rootXPath="id('sv2')" key="UNDEFINED_DEFAULT_PAGE_PARENT_NO_LANDMARK" label="Reservation"> 
    <Message>The default element is undefined for area 'Reservation'</Message> 
  </Warning>  
  <Warning xpath="id('sv3#area10#opg1#mfu3#oln23#par100')" rootXPath="id('sv3')" key="UNUSED_PASSING_PARAMETER" label="oid_PASSING"> 
    <Message>The passing parameter 'oid_PASSING' is declared but never used</Message>  
    <Resolution class="com.webratio.ide.ui.resources.RemoveElementResolutionGenerator">Remove the invalid link parameter 'sv3#area10#opg1#mfu3#oln23#par100'</Resolution> 
  </Warning>  
  <Warning xpath="id('sv2#area11#cnu26#kln16')" rootXPath="id('sv2')" key="AUTOMATIC_COUPLING_WITHOUT_EFFECT" label="KOFlow16"> 
    <Message>Neither explicit nor implicit parameters' bindings could be found for the flow 'KOFlow16'</Message>  
    <Resolution class="com.webratio.ide.ui.resources.ChangeAttributeResolutionGenerator" attribute="automaticCoupling" value="">Remove the 'Automatic Coupling' property</Resolution> 
  </Warning>  
  <Warning xpath="id('sv2#area11#miu4#kln15')" rootXPath="id('sv2')" key="AUTOMATIC_COUPLING_WITHOUT_EFFECT" label="KOFlow15"> 
    <Message>Neither explicit nor implicit parameters' bindings could be found for the flow 'KOFlow15'</Message>  
    <Resolution class="com.webratio.ide.ui.resources.ChangeAttributeResolutionGenerator" attribute="automaticCoupling" value="">Remove the 'Automatic Coupling' property</Resolution> 
  </Warning>  
  <Warning xpath="id('sv2#area6#seu6#kln3')" rootXPath="id('sv2')" key="AUTOMATIC_COUPLING_WITHOUT_EFFECT" label="KOFlow3"> 
    <Message>Neither explicit nor implicit parameters' bindings could be found for the flow 'KOFlow3'</Message>  
    <Resolution class="com.webratio.ide.ui.resources.ChangeAttributeResolutionGenerator" attribute="automaticCoupling" value="">Remove the 'Automatic Coupling' property</Resolution> 
  </Warning>  
  <Warning xpath="id('sv2#area7#opg2#kln13')" rootXPath="id('sv2')" key="AUTOMATIC_COUPLING_WITHOUT_EFFECT" label="KOFlow13"> 
    <Message>Neither explicit nor implicit parameters' bindings could be found for the flow 'KOFlow13'</Message>  
    <Resolution class="com.webratio.ide.ui.resources.ChangeAttributeResolutionGenerator" attribute="automaticCoupling" value="">Remove the 'Automatic Coupling' property</Resolution> 
  </Warning>  
  <Warning xpath="id('sv3#area10#miu5#kln7')" rootXPath="id('sv3')" key="AUTOMATIC_COUPLING_WITHOUT_EFFECT" label="KOFlow7"> 
    <Message>Neither explicit nor implicit parameters' bindings could be found for the flow 'KOFlow7'</Message>  
    <Resolution class="com.webratio.ide.ui.resources.ChangeAttributeResolutionGenerator" attribute="automaticCoupling" value="">Remove the 'Automatic Coupling' property</Resolution> 
  </Warning>  
  <Warning xpath="id('sv3#area10#cnu1#kln5')" rootXPath="id('sv3')" key="AUTOMATIC_COUPLING_WITHOUT_EFFECT" label="KOFlow5"> 
    <Message>Neither explicit nor implicit parameters' bindings could be found for the flow 'KOFlow5'</Message>  
    <Resolution class="com.webratio.ide.ui.resources.ChangeAttributeResolutionGenerator" attribute="automaticCoupling" value="">Remove the 'Automatic Coupling' property</Resolution> 
  </Warning>  
  <Warning xpath="id('sv3#area10#opg1#kln6')" rootXPath="id('sv3')" key="AUTOMATIC_COUPLING_WITHOUT_EFFECT" label="KOFlow6"> 
    <Message>Neither explicit nor implicit parameters' bindings could be found for the flow 'KOFlow6'</Message>  
    <Resolution class="com.webratio.ide.ui.resources.ChangeAttributeResolutionGenerator" attribute="automaticCoupling" value="">Remove the 'Automatic Coupling' property</Resolution> 
  </Warning>  
  <Warning xpath="id('sv4#area13#cnu19#kln10')" rootXPath="id('sv4')" key="AUTOMATIC_COUPLING_WITHOUT_EFFECT" label="KOFlow10"> 
    <Message>Neither explicit nor implicit parameters' bindings could be found for the flow 'KOFlow10'</Message>  
    <Resolution class="com.webratio.ide.ui.resources.ChangeAttributeResolutionGenerator" attribute="automaticCoupling" value="">Remove the 'Automatic Coupling' property</Resolution> 
  </Warning>  
  <Warning xpath="id('mov1#opm1#opg7#cru20')" rootXPath="id('mov1')" error="false" label="CreateReservation" key="NO_OUTGOING_KO_LINKS"> 
    <Message>No outgoing KO flow(s) for the operation 'CreateReservation'</Message> 
  </Warning>  
  <Warning xpath="id('mov1#opm1#opg7#cnu31')" rootXPath="id('mov1')" error="false" label="Track2Race" key="NO_OUTGOING_KO_LINKS"> 
    <Message>No outgoing KO flow(s) for the operation 'Track2Race'</Message> 
  </Warning>  
  <Warning xpath="id('mov1#opm1#opg7#cnu32')" rootXPath="id('mov1')" error="false" label="Reservation2Race" key="NO_OUTGOING_KO_LINKS"> 
    <Message>No outgoing KO flow(s) for the operation 'Reservation2Race'</Message> 
  </Warning>  
  <Warning xpath="id('mov1#opm1#opg7#cru21')" rootXPath="id('mov1')" error="false" label="Race" key="NO_OUTGOING_KO_LINKS"> 
    <Message>No outgoing KO flow(s) for the operation 'Race'</Message> 
  </Warning>  
  <Warning error="false" xpath="id('mov1#opm1#opg7#cru21')" rootXPath="id('mov1')" key="MISSING_UNIT_INCOMING_LINKS" label="Race"> 
    <Message>No incoming flows for the component 'Race'</Message> 
  </Warning>  
  <Warning xpath="id('sv1#lgu1')" rootXPath="id('sv1')" error="false" label="LoginPort" key="NO_OUTGOING_OK_LINKS"> 
    <Message>No outgoing OK flow(s) for the operation 'LoginPort'</Message> 
  </Warning>  
  <Warning xpath="id('sv1#area2#miu1')" rootXPath="id('sv1')" error="false" label="Access2Tracks" key="NO_OUTGOING_KO_LINKS"> 
    <Message>No outgoing KO flow(s) for the operation 'Access2Tracks'</Message> 
  </Warning>  
  <Warning xpath="id('sv1#area3#miu3')" rootXPath="id('sv1')" error="false" label="sv1#area3#miu3" key="NO_OUTGOING_KO_LINKS"> 
    <Message>No outgoing KO flow(s) for the operation 'sv1#area3#miu3'</Message> 
  </Warning>  
  <Warning xpath="id('sv1#area3#seu4')" rootXPath="id('sv1')" error="false" label="TracksFromEvent" key="NO_OUTGOING_KO_LINKS"> 
    <Message>No outgoing KO flow(s) for the operation 'TracksFromEvent'</Message> 
  </Warning>  
  <Warning xpath="id('sv1#area4#miu2')" rootXPath="id('sv1')" error="false" label="sv1#area4#miu2" key="NO_OUTGOING_KO_LINKS"> 
    <Message>No outgoing KO flow(s) for the operation 'sv1#area4#miu2'</Message> 
  </Warning>  
  <Warning xpath="id('sv2#area11#cnu26')" rootXPath="id('sv2')" error="false" label="Pilot2Reservation" key="NO_OUTGOING_OK_LINKS"> 
    <Message>No outgoing OK flow(s) for the operation 'Pilot2Reservation'</Message> 
  </Warning>  
  <Warning error="false" xpath="id('sv2#area5#lou1')" rootXPath="id('sv2')" key="" label="PilotLogout"> 
    <Message>Security Warning: the Logout operation 'PilotLogout' does not have the 'Invalidate Session' flag enabled.</Message>  
    <Resolution message="Set Invalidate Session" class="com.webratio.ide.ui.resources.ChangeAttributeResolutionGenerator" attribute="invalidateSession" value="true">Set Invalidate Session</Resolution> 
  </Warning>  
  <Warning xpath="id('sv2#area7#opg2#cru3')" rootXPath="id('sv2')" error="false" label="CreateApplication" key="NO_OUTGOING_KO_LINKS"> 
    <Message>No outgoing KO flow(s) for the operation 'CreateApplication'</Message> 
  </Warning>  
  <Warning xpath="id('sv2#area7#opg2#cnu5')" rootXPath="id('sv2')" error="false" label="Application2Pilot" key="NO_OUTGOING_KO_LINKS"> 
    <Message>No outgoing KO flow(s) for the operation 'Application2Pilot'</Message> 
  </Warning>  
  <Warning xpath="id('sv2#area7#opg2#cnu6')" rootXPath="id('sv2')" error="false" label="Application2Event" key="NO_OUTGOING_KO_LINKS"> 
    <Message>No outgoing KO flow(s) for the operation 'Application2Event'</Message> 
  </Warning>  
  <Warning xpath="id('sv3#area10#cnu1')" rootXPath="id('sv3')" error="false" label="Organizer2Reservation" key="NO_OUTGOING_OK_LINKS"> 
    <Message>No outgoing OK flow(s) for the operation 'Organizer2Reservation'</Message> 
  </Warning>  
  <Warning xpath="id('sv3#area10#opg4#cnu17')" rootXPath="id('sv3')" error="false" label="Organizer2Event" key="NO_OUTGOING_KO_LINKS"> 
    <Message>No outgoing KO flow(s) for the operation 'Organizer2Event'</Message> 
  </Warning>  
  <Warning xpath="id('sv3#area10#opg4#cnu18')" rootXPath="id('sv3')" error="false" label="Event2Races" key="NO_OUTGOING_OK_LINKS"> 
    <Message>No outgoing OK flow(s) for the operation 'Event2Races'</Message> 
  </Warning>  
  <Warning xpath="id('sv3#area10#opg4#cnu18')" rootXPath="id('sv3')" error="false" label="Event2Races" key="NO_OUTGOING_KO_LINKS"> 
    <Message>No outgoing KO flow(s) for the operation 'Event2Races'</Message> 
  </Warning>  
  <Warning xpath="id('sv3#area10#opg4#cru10')" rootXPath="id('sv3')" error="false" label="CreateEvent" key="NO_OUTGOING_KO_LINKS"> 
    <Message>No outgoing KO flow(s) for the operation 'CreateEvent'</Message> 
  </Warning>  
  <Warning xpath="id('sv3#area10#opg1#cnu12')" rootXPath="id('sv3')" error="false" label="Pilot2Event" key="NO_OUTGOING_KO_LINKS"> 
    <Message>No outgoing KO flow(s) for the operation 'Pilot2Event'</Message> 
  </Warning>  
  <Warning xpath="id('sv3#area10#opg1#mfu3')" rootXPath="id('sv3')" error="false" label="ConfirmApplication" key="NO_OUTGOING_KO_LINKS"> 
    <Message>No outgoing KO flow(s) for the operation 'ConfirmApplication'</Message> 
  </Warning>  
  <Warning xpath="id('sv3#area10#opg1#cnu13')" rootXPath="id('sv3')" error="false" label="Pilot2Races" key="NO_OUTGOING_OK_LINKS"> 
    <Message>No outgoing OK flow(s) for the operation 'Pilot2Races'</Message> 
  </Warning>  
  <Warning xpath="id('sv3#area10#opg1#cnu13')" rootXPath="id('sv3')" error="false" label="Pilot2Races" key="NO_OUTGOING_KO_LINKS"> 
    <Message>No outgoing KO flow(s) for the operation 'Pilot2Races'</Message> 
  </Warning>  
  <Warning error="false" xpath="id('sv3#area8#lou2')" rootXPath="id('sv3')" key="" label="OrganizerLogout"> 
    <Message>Security Warning: the Logout operation 'OrganizerLogout' does not have the 'Invalidate Session' flag enabled.</Message>  
    <Resolution message="Set Invalidate Session" class="com.webratio.ide.ui.resources.ChangeAttributeResolutionGenerator" attribute="invalidateSession" value="true">Set Invalidate Session</Resolution> 
  </Warning>  
  <Warning error="false" xpath="id('mov1#hym1#page11#inu14')" rootXPath="id('mov1')" key="UNSPECIFIED_SORTING_ATTRIBUTE" label="ListTracks"> 
    <Message>Sorting attribute are unspecified for the component 'ListTracks'</Message> 
  </Warning>  
  <Warning error="false" xpath="id('mov1#hym1#page12#inu15')" rootXPath="id('mov1')" key="NO_DISPLAY_ATTRIBUTES" label="ListAsphalts"> 
    <Message>No attributes to display are specified for the component 'ListAsphalts'</Message> 
  </Warning>  
  <Warning error="false" xpath="id('mov1#hym1#page12#inu15')" rootXPath="id('mov1')" key="UNSPECIFIED_SORTING_ATTRIBUTE" label="ListAsphalts"> 
    <Message>Sorting attribute are unspecified for the component 'ListAsphalts'</Message> 
  </Warning>  
  <Warning error="false" xpath="id('mov1#hym1#page12#mciu2')" rootXPath="id('mov1')" key="NO_DISPLAY_ATTRIBUTES" label="CheckDifficulties"> 
    <Message>No attributes to display are specified for the component 'CheckDifficulties'</Message> 
  </Warning>  
  <Warning error="false" xpath="id('mov1#hym1#page12#mciu2')" rootXPath="id('mov1')" key="UNSPECIFIED_SORTING_ATTRIBUTE" label="CheckDifficulties"> 
    <Message>Sorting attribute are unspecified for the component 'CheckDifficulties'</Message> 
  </Warning>  
  <Warning error="false" xpath="id('mov1#hym1#page12#inu16')" rootXPath="id('mov1')" key="NO_DISPLAY_ATTRIBUTES" label="ListRangesLengths"> 
    <Message>No attributes to display are specified for the component 'ListRangesLengths'</Message> 
  </Warning>  
  <Warning error="false" xpath="id('mov1#hym1#page12#inu16')" rootXPath="id('mov1')" key="UNSPECIFIED_SORTING_ATTRIBUTE" label="ListRangesLengths"> 
    <Message>Sorting attribute are unspecified for the component 'ListRangesLengths'</Message> 
  </Warning>  
  <Warning error="false" xpath="id('mov1#hym1#page12#inu17')" rootXPath="id('mov1')" key="NO_DISPLAY_ATTRIBUTES" label="ListReviewScores"> 
    <Message>No attributes to display are specified for the component 'ListReviewScores'</Message> 
  </Warning>  
  <Warning error="false" xpath="id('mov1#hym1#page12#inu17')" rootXPath="id('mov1')" key="UNSPECIFIED_SORTING_ATTRIBUTE" label="ListReviewScores"> 
    <Message>Sorting attribute are unspecified for the component 'ListReviewScores'</Message> 
  </Warning>  
  <Warning error="false" xpath="id('mov1#hym1#page12#inu18')" rootXPath="id('mov1')" key="NO_DISPLAY_ATTRIBUTES" label="ListCities"> 
    <Message>No attributes to display are specified for the component 'ListCities'</Message> 
  </Warning>  
  <Warning error="false" xpath="id('mov1#hym1#page12#inu18')" rootXPath="id('mov1')" key="UNSPECIFIED_SORTING_ATTRIBUTE" label="ListCities"> 
    <Message>Sorting attribute are unspecified for the component 'ListCities'</Message> 
  </Warning>  
  <Warning error="false" xpath="id('mov1#hym1#page12#inu19')" rootXPath="id('mov1')" key="NO_DISPLAY_ATTRIBUTES" label="ListNPilots"> 
    <Message>No attributes to display are specified for the component 'ListNPilots'</Message> 
  </Warning>  
  <Warning error="false" xpath="id('mov1#hym1#page12#inu19')" rootXPath="id('mov1')" key="UNSPECIFIED_SORTING_ATTRIBUTE" label="ListNPilots"> 
    <Message>Sorting attribute are unspecified for the component 'ListNPilots'</Message> 
  </Warning>  
  <Warning error="false" xpath="id('mov1#hym1#page12#inu20')" rootXPath="id('mov1')" key="NO_DISPLAY_ATTRIBUTES" label="ListNRaces"> 
    <Message>No attributes to display are specified for the component 'ListNRaces'</Message> 
  </Warning>  
  <Warning error="false" xpath="id('mov1#hym1#page12#inu20')" rootXPath="id('mov1')" key="UNSPECIFIED_SORTING_ATTRIBUTE" label="ListNRaces"> 
    <Message>Sorting attribute are unspecified for the component 'ListNRaces'</Message> 
  </Warning>  
  <Warning error="false" xpath="id('mov1#hym1#page12#inu21')" rootXPath="id('mov1')" key="NO_DISPLAY_ATTRIBUTES" label="ListNEvents"> 
    <Message>No attributes to display are specified for the component 'ListNEvents'</Message> 
  </Warning>  
  <Warning error="false" xpath="id('mov1#hym1#page12#inu21')" rootXPath="id('mov1')" key="UNSPECIFIED_SORTING_ATTRIBUTE" label="ListNEvents"> 
    <Message>Sorting attribute are unspecified for the component 'ListNEvents'</Message> 
  </Warning>  
  <Warning error="false" xpath="id('mov1#hym1#page12#inu22')" rootXPath="id('mov1')" key="NO_DISPLAY_ATTRIBUTES" label="ListPopularTracks"> 
    <Message>No attributes to display are specified for the component 'ListPopularTracks'</Message> 
  </Warning>  
  <Warning error="false" xpath="id('mov1#hym1#page12#inu22')" rootXPath="id('mov1')" key="UNSPECIFIED_SORTING_ATTRIBUTE" label="ListPopularTracks"> 
    <Message>Sorting attribute are unspecified for the component 'ListPopularTracks'</Message> 
  </Warning>  
  <Warning error="false" xpath="id('mov1#hym1#page12#inu23')" rootXPath="id('mov1')" key="NO_DISPLAY_ATTRIBUTES" label="ListKartModels"> 
    <Message>No attributes to display are specified for the component 'ListKartModels'</Message> 
  </Warning>  
  <Warning error="false" xpath="id('mov1#hym1#page12#inu23')" rootXPath="id('mov1')" key="UNSPECIFIED_SORTING_ATTRIBUTE" label="ListKartModels"> 
    <Message>Sorting attribute are unspecified for the component 'ListKartModels'</Message> 
  </Warning>  
  <Warning error="false" xpath="id('mov1#hym2#page9#inu2')" rootXPath="id('mov1')" key="NO_DISPLAY_ATTRIBUTES" label="ListNPilots"> 
    <Message>No attributes to display are specified for the component 'ListNPilots'</Message> 
  </Warning>  
  <Warning error="false" xpath="id('mov1#hym2#page9#inu2')" rootXPath="id('mov1')" key="UNSPECIFIED_SORTING_ATTRIBUTE" label="ListNPilots"> 
    <Message>Sorting attribute are unspecified for the component 'ListNPilots'</Message> 
  </Warning>  
  <Warning error="false" xpath="id('mov1#hym2#page9#inu3')" rootXPath="id('mov1')" key="NO_DISPLAY_ATTRIBUTES" label="ListNRaces"> 
    <Message>No attributes to display are specified for the component 'ListNRaces'</Message> 
  </Warning>  
  <Warning error="false" xpath="id('mov1#hym2#page9#inu3')" rootXPath="id('mov1')" key="UNSPECIFIED_SORTING_ATTRIBUTE" label="ListNRaces"> 
    <Message>Sorting attribute are unspecified for the component 'ListNRaces'</Message> 
  </Warning>  
  <Warning error="false" xpath="id('mov1#hym2#page9#inu7')" rootXPath="id('mov1')" key="NO_DISPLAY_ATTRIBUTES" label="ListNEvents"> 
    <Message>No attributes to display are specified for the component 'ListNEvents'</Message> 
  </Warning>  
  <Warning error="false" xpath="id('mov1#hym2#page9#inu7')" rootXPath="id('mov1')" key="UNSPECIFIED_SORTING_ATTRIBUTE" label="ListNEvents"> 
    <Message>Sorting attribute are unspecified for the component 'ListNEvents'</Message> 
  </Warning>  
  <Warning error="false" xpath="id('mov1#hym2#page9#inu8')" rootXPath="id('mov1')" key="NO_DISPLAY_ATTRIBUTES" label="ListCities"> 
    <Message>No attributes to display are specified for the component 'ListCities'</Message> 
  </Warning>  
  <Warning error="false" xpath="id('mov1#hym2#page9#inu8')" rootXPath="id('mov1')" key="UNSPECIFIED_SORTING_ATTRIBUTE" label="ListCities"> 
    <Message>Sorting attribute are unspecified for the component 'ListCities'</Message> 
  </Warning>  
  <Warning error="false" xpath="id('mov1#hym2#page9#inu9')" rootXPath="id('mov1')" key="NO_DISPLAY_ATTRIBUTES" label="ListReviewScore"> 
    <Message>No attributes to display are specified for the component 'ListReviewScore'</Message> 
  </Warning>  
  <Warning error="false" xpath="id('mov1#hym2#page9#inu9')" rootXPath="id('mov1')" key="UNSPECIFIED_SORTING_ATTRIBUTE" label="ListReviewScore"> 
    <Message>Sorting attribute are unspecified for the component 'ListReviewScore'</Message> 
  </Warning>  
  <Warning error="false" xpath="id('mov1#hym2#page14#inu10')" rootXPath="id('mov1')" key="NO_DISPLAY_ATTRIBUTES" label="ListKartCenters"> 
    <Message>No attributes to display are specified for the component 'ListKartCenters'</Message> 
  </Warning>  
  <Warning error="false" xpath="id('mov1#hym2#page14#inu10')" rootXPath="id('mov1')" key="UNSPECIFIED_SORTING_ATTRIBUTE" label="ListKartCenters"> 
    <Message>Sorting attribute are unspecified for the component 'ListKartCenters'</Message> 
  </Warning>  
  <Warning error="false" xpath="id('mov1#hym3#page16#inu33')" rootXPath="id('mov1')" key="NO_DISPLAY_ATTRIBUTES" label="ListEvents"> 
    <Message>No attributes to display are specified for the component 'ListEvents'</Message> 
  </Warning>  
  <Warning error="false" xpath="id('mov1#hym3#page16#inu33')" rootXPath="id('mov1')" key="UNSPECIFIED_SORTING_ATTRIBUTE" label="ListEvents"> 
    <Message>Sorting attribute are unspecified for the component 'ListEvents'</Message> 
  </Warning>  
  <Warning error="false" xpath="id('mov1#hym3#page15#inu27')" rootXPath="id('mov1')" key="NO_DISPLAY_ATTRIBUTES" label="ListReviewScores"> 
    <Message>No attributes to display are specified for the component 'ListReviewScores'</Message> 
  </Warning>  
  <Warning error="false" xpath="id('mov1#hym3#page15#inu27')" rootXPath="id('mov1')" key="UNSPECIFIED_SORTING_ATTRIBUTE" label="ListReviewScores"> 
    <Message>Sorting attribute are unspecified for the component 'ListReviewScores'</Message> 
  </Warning>  
  <Warning error="false" xpath="id('mov1#hym3#page15#inu28')" rootXPath="id('mov1')" key="NO_DISPLAY_ATTRIBUTES" label="ListPopularEvents"> 
    <Message>No attributes to display are specified for the component 'ListPopularEvents'</Message> 
  </Warning>  
  <Warning error="false" xpath="id('mov1#hym3#page15#inu28')" rootXPath="id('mov1')" key="UNSPECIFIED_SORTING_ATTRIBUTE" label="ListPopularEvents"> 
    <Message>Sorting attribute are unspecified for the component 'ListPopularEvents'</Message> 
  </Warning>  
  <Warning error="false" xpath="id('mov1#hym3#page15#inu29')" rootXPath="id('mov1')" key="NO_DISPLAY_ATTRIBUTES" label="ListPriceRanges"> 
    <Message>No attributes to display are specified for the component 'ListPriceRanges'</Message> 
  </Warning>  
  <Warning error="false" xpath="id('mov1#hym3#page15#inu29')" rootXPath="id('mov1')" key="UNSPECIFIED_SORTING_ATTRIBUTE" label="ListPriceRanges"> 
    <Message>Sorting attribute are unspecified for the component 'ListPriceRanges'</Message> 
  </Warning>  
  <Warning error="false" xpath="id('mov1#hym3#page15#inu30')" rootXPath="id('mov1')" key="NO_DISPLAY_ATTRIBUTES" label="ListEventCategories"> 
    <Message>No attributes to display are specified for the component 'ListEventCategories'</Message> 
  </Warning>  
  <Warning error="false" xpath="id('mov1#hym3#page15#inu30')" rootXPath="id('mov1')" key="UNSPECIFIED_SORTING_ATTRIBUTE" label="ListEventCategories"> 
    <Message>Sorting attribute are unspecified for the component 'ListEventCategories'</Message> 
  </Warning>  
  <Warning error="false" xpath="id('mov1#hym3#page15#inu31')" rootXPath="id('mov1')" key="NO_DISPLAY_ATTRIBUTES" label="ListUpcomingEvents"> 
    <Message>No attributes to display are specified for the component 'ListUpcomingEvents'</Message> 
  </Warning>  
  <Warning error="false" xpath="id('mov1#hym3#page15#inu31')" rootXPath="id('mov1')" key="UNSPECIFIED_SORTING_ATTRIBUTE" label="ListUpcomingEvents"> 
    <Message>Sorting attribute are unspecified for the component 'ListUpcomingEvents'</Message> 
  </Warning>  
  <Warning error="false" xpath="id('mov1#hym3#page15#inu32')" rootXPath="id('mov1')" key="NO_DISPLAY_ATTRIBUTES" label="ListControversialEvents"> 
    <Message>No attributes to display are specified for the component 'ListControversialEvents'</Message> 
  </Warning>  
  <Warning error="false" xpath="id('mov1#hym3#page15#inu32')" rootXPath="id('mov1')" key="UNSPECIFIED_SORTING_ATTRIBUTE" label="ListControversialEvents"> 
    <Message>Sorting attribute are unspecified for the component 'ListControversialEvents'</Message> 
  </Warning>  
  <Warning error="false" xpath="id('sv1#area1#page2#inu4')" rootXPath="id('sv1')" key="NO_DISPLAY_ATTRIBUTES" label="ListUpcomingEvents"> 
    <Message>No attributes to display are specified for the component 'ListUpcomingEvents'</Message> 
  </Warning>  
  <Warning error="false" xpath="id('sv1#area1#page2#inu4')" rootXPath="id('sv1')" key="UNSPECIFIED_SORTING_ATTRIBUTE" label="ListUpcomingEvents"> 
    <Message>Sorting attribute are unspecified for the component 'ListUpcomingEvents'</Message> 
  </Warning>  
  <Warning error="false" xpath="id('sv1#area1#page2#inu5')" rootXPath="id('sv1')" key="NO_DISPLAY_ATTRIBUTES" label="ListTracks"> 
    <Message>No attributes to display are specified for the component 'ListTracks'</Message> 
  </Warning>  
  <Warning error="false" xpath="id('sv1#area1#page2#inu5')" rootXPath="id('sv1')" key="UNSPECIFIED_SORTING_ATTRIBUTE" label="ListTracks"> 
    <Message>Sorting attribute are unspecified for the component 'ListTracks'</Message> 
  </Warning>  
  <Warning error="false" xpath="id('sv1#area1#page2#inu6')" rootXPath="id('sv1')" key="NO_DISPLAY_ATTRIBUTES" label="ListKartingCenters"> 
    <Message>No attributes to display are specified for the component 'ListKartingCenters'</Message> 
  </Warning>  
  <Warning error="false" xpath="id('sv1#area1#page2#inu6')" rootXPath="id('sv1')" key="UNSPECIFIED_SORTING_ATTRIBUTE" label="ListKartingCenters"> 
    <Message>Sorting attribute are unspecified for the component 'ListKartingCenters'</Message> 
  </Warning>  
  <Warning error="false" xpath="id('sv1#area1#page2#enu1#fld2')" rootXPath="id('sv1')" key="HIDDEN_FIELD_MODIFIABLE" label="Password"> 
    <Message>The hidden field 'Password' shouldn't be modifiable</Message>  
    <Resolution message="Set the field to not modifiable" class="com.webratio.ide.ui.resources.ChangeAttributeResolutionGenerator" attribute="modifiable" value="false">Set the field to not modifiable</Resolution> 
  </Warning>  
  <Warning error="false" xpath="id('sv1#area1#page2#enu1#fld2')" rootXPath="id('sv1')" key="" label="Password"> 
    <Message>The hidden field 'Password' should be preloaded</Message> 
  </Warning>  
  <Warning error="false" xpath="id('sv1#area2#page6#dau2')" rootXPath="id('sv1')" key="NO_DISPLAY_ATTRIBUTES" label="TrackDetail"> 
    <Message>No attributes to display are specified for the component 'TrackDetail'</Message> 
  </Warning>  
  <Warning error="false" xpath="id('sv1#area3#page1#inu1')" rootXPath="id('sv1')" key="NO_DISPLAY_ATTRIBUTES" label="ListTracksFromEvent"> 
    <Message>No attributes to display are specified for the component 'ListTracksFromEvent'</Message> 
  </Warning>  
  <Warning error="false" xpath="id('sv1#area3#page1#inu1')" rootXPath="id('sv1')" key="UNSPECIFIED_SORTING_ATTRIBUTE" label="ListTracksFromEvent"> 
    <Message>Sorting attribute are unspecified for the component 'ListTracksFromEvent'</Message> 
  </Warning>  
  <Warning error="false" xpath="id('sv1#area3#page8#dau3')" rootXPath="id('sv1')" key="NO_DISPLAY_ATTRIBUTES" label="EventDetail"> 
    <Message>No attributes to display are specified for the component 'EventDetail'</Message> 
  </Warning>  
  <Warning error="false" xpath="id('sv1#area4#page4#dau1')" rootXPath="id('sv1')" key="NO_DISPLAY_ATTRIBUTES" label="KartingCenter"> 
    <Message>No attributes to display are specified for the component 'KartingCenter'</Message> 
  </Warning>  
  <Warning error="false" xpath="id('sv2#area11#page37#hinu3')" rootXPath="id('sv2')" key="NO_DISPLAY_ATTRIBUTES" label="KC_Tracks"> 
    <Message>No attributes to display are specified for the component 'KC_Tracks'</Message> 
  </Warning>  
  <Warning error="false" xpath="id('sv2#area11#page37#hinu3')" rootXPath="id('sv2')" key="UNSPECIFIED_SORTING_ATTRIBUTE" label="KC_Tracks"> 
    <Message>Sorting attribute are unspecified for the component 'KC_Tracks'</Message> 
  </Warning>  
  <Warning error="false" xpath="id('sv2#area11#page37#hinu3#hiulvl3')" rootXPath="id('sv2')" key="NO_DISPLAY_ATTRIBUTES" label="L1KC"> 
    <Message>No attributes to display are specified for the component 'L1KC'</Message> 
  </Warning>  
  <Warning error="false" xpath="id('sv2#area11#page37#hinu3#hiulvl3')" rootXPath="id('sv2')" key="UNSPECIFIED_SORTING_ATTRIBUTE" label="L1KC"> 
    <Message>Sorting attribute are unspecified for the component 'L1KC'</Message> 
  </Warning>  
  <Warning error="false" xpath="id('sv2#area5#page3#dau4')" rootXPath="id('sv2')" key="NO_DISPLAY_ATTRIBUTES" label="CurrentPilot"> 
    <Message>No attributes to display are specified for the component 'CurrentPilot'</Message> 
  </Warning>  
  <Warning error="false" xpath="id('sv2#area5#page3#dau5')" rootXPath="id('sv2')" key="NO_DISPLAY_ATTRIBUTES" label="LastRace"> 
    <Message>No attributes to display are specified for the component 'LastRace'</Message> 
  </Warning>  
  <Warning error="false" xpath="id('sv2#area5#page3#scu1')" rootXPath="id('sv2')" key="UNSPECIFIED_SORTING_ATTRIBUTE" label="MyRaces"> 
    <Message>Sorting attribute are unspecified for the component 'MyRaces'</Message> 
  </Warning>  
  <Warning error="false" xpath="id('sv2#area5#page3#inu12')" rootXPath="id('sv2')" key="NO_DISPLAY_ATTRIBUTES" label="MyRaces"> 
    <Message>No attributes to display are specified for the component 'MyRaces'</Message> 
  </Warning>  
  <Warning error="false" xpath="id('sv2#area5#page3#inu12')" rootXPath="id('sv2')" key="UNSPECIFIED_SORTING_ATTRIBUTE" label="MyRaces"> 
    <Message>Sorting attribute are unspecified for the component 'MyRaces'</Message> 
  </Warning>  
  <Warning error="false" xpath="id('sv2#area5#page3#mdu4')" rootXPath="id('sv2')" key="NO_DISPLAY_ATTRIBUTES" label="MyConfirmedEvents"> 
    <Message>No attributes to display are specified for the component 'MyConfirmedEvents'</Message> 
  </Warning>  
  <Warning error="false" xpath="id('sv2#area5#page3#mdu4')" rootXPath="id('sv2')" key="UNSPECIFIED_SORTING_ATTRIBUTE" label="MyConfirmedEvents"> 
    <Message>Sorting attribute are unspecified for the component 'MyConfirmedEvents'</Message> 
  </Warning>  
  <Warning error="false" xpath="id('sv2#area6#page7#scu2')" rootXPath="id('sv2')" key="UNSPECIFIED_SORTING_ATTRIBUTE" label="MyRaces"> 
    <Message>Sorting attribute are unspecified for the component 'MyRaces'</Message> 
  </Warning>  
  <Warning error="false" xpath="id('sv2#area6#page7#inu13')" rootXPath="id('sv2')" key="NO_DISPLAY_ATTRIBUTES" label="MyRaces"> 
    <Message>No attributes to display are specified for the component 'MyRaces'</Message> 
  </Warning>  
  <Warning error="false" xpath="id('sv2#area6#page7#inu13')" rootXPath="id('sv2')" key="UNSPECIFIED_SORTING_ATTRIBUTE" label="MyRaces"> 
    <Message>Sorting attribute are unspecified for the component 'MyRaces'</Message> 
  </Warning>  
  <Warning error="false" xpath="id('sv2#area6#page7#dau6')" rootXPath="id('sv2')" key="NO_DISPLAY_ATTRIBUTES" label="LastRace"> 
    <Message>No attributes to display are specified for the component 'LastRace'</Message> 
  </Warning>  
  <Warning error="false" xpath="id('sv2#area6#page7#scu3')" rootXPath="id('sv2')" key="UNSPECIFIED_SORTING_ATTRIBUTE" label="Races"> 
    <Message>Sorting attribute are unspecified for the component 'Races'</Message> 
  </Warning>  
  <Warning error="false" xpath="id('sv2#area6#page7#inu25')" rootXPath="id('sv2')" key="NO_DISPLAY_ATTRIBUTES" label="BatchRaces"> 
    <Message>No attributes to display are specified for the component 'BatchRaces'</Message> 
  </Warning>  
  <Warning error="false" xpath="id('sv2#area6#page7#inu25')" rootXPath="id('sv2')" key="UNSPECIFIED_SORTING_ATTRIBUTE" label="BatchRaces"> 
    <Message>Sorting attribute are unspecified for the component 'BatchRaces'</Message> 
  </Warning>  
  <Warning error="false" xpath="id('sv2#area7#page23#dau10')" rootXPath="id('sv2')" key="NO_DISPLAY_ATTRIBUTES" label="EventApplyingTo"> 
    <Message>No attributes to display are specified for the component 'EventApplyingTo'</Message> 
  </Warning>  
  <Warning error="false" xpath="id('sv2#area7#page21#dau9')" rootXPath="id('sv2')" key="NO_DISPLAY_ATTRIBUTES" label="Event"> 
    <Message>No attributes to display are specified for the component 'Event'</Message> 
  </Warning>  
  <Warning error="false" xpath="id('sv2#area7#page19#scu4')" rootXPath="id('sv2')" key="UNSPECIFIED_SORTING_ATTRIBUTE" label="Events"> 
    <Message>Sorting attribute are unspecified for the component 'Events'</Message> 
  </Warning>  
  <Warning error="false" xpath="id('sv2#area7#page19#inu26')" rootXPath="id('sv2')" key="NO_DISPLAY_ATTRIBUTES" label="Events"> 
    <Message>No attributes to display are specified for the component 'Events'</Message> 
  </Warning>  
  <Warning error="false" xpath="id('sv2#area7#page19#inu26')" rootXPath="id('sv2')" key="UNSPECIFIED_SORTING_ATTRIBUTE" label="Events"> 
    <Message>Sorting attribute are unspecified for the component 'Events'</Message> 
  </Warning>  
  <Warning error="false" xpath="id('sv2#area7#page19#inu34')" rootXPath="id('sv2')" key="NO_DISPLAY_ATTRIBUTES" label="AppliedButNotYetConfirmedEvents"> 
    <Message>No attributes to display are specified for the component 'AppliedButNotYetConfirmedEvents'</Message> 
  </Warning>  
  <Warning error="false" xpath="id('sv2#area7#page19#inu34')" rootXPath="id('sv2')" key="UNSPECIFIED_SORTING_ATTRIBUTE" label="AppliedButNotYetConfirmedEvents"> 
    <Message>Sorting attribute are unspecified for the component 'AppliedButNotYetConfirmedEvents'</Message> 
  </Warning>  
  <Warning error="false" xpath="id('sv2#area7#page19#pwu2')" rootXPath="id('sv2')" key="NO_DISPLAY_ATTRIBUTES" label="UpcomingEventsNotRegisteredTo"> 
    <Message>No attributes to display are specified for the component 'UpcomingEventsNotRegisteredTo'</Message> 
  </Warning>  
  <Warning error="false" xpath="id('sv2#area7#page19#pwu2')" rootXPath="id('sv2')" key="UNSPECIFIED_SORTING_ATTRIBUTE" label="UpcomingEventsNotRegisteredTo"> 
    <Message>Sorting attribute are unspecified for the component 'UpcomingEventsNotRegisteredTo'</Message> 
  </Warning>  
  <Warning error="false" xpath="id('sv3#area10#page27#dau12')" rootXPath="id('sv3')" key="NO_DISPLAY_ATTRIBUTES" label="ApplicationToConfirm"> 
    <Message>No attributes to display are specified for the component 'ApplicationToConfirm'</Message> 
  </Warning>  
  <Warning error="false" xpath="id('sv3#area10#page28#dau13')" rootXPath="id('sv3')" key="NO_DISPLAY_ATTRIBUTES" label="EventDetail"> 
    <Message>No attributes to display are specified for the component 'EventDetail'</Message> 
  </Warning>  
  <Warning error="false" xpath="id('sv3#area10#page28#inu36')" rootXPath="id('sv3')" key="NO_DISPLAY_ATTRIBUTES" label="ApplicationsNotYetConfirmed"> 
    <Message>No attributes to display are specified for the component 'ApplicationsNotYetConfirmed'</Message> 
  </Warning>  
  <Warning error="false" xpath="id('sv3#area10#page28#inu36')" rootXPath="id('sv3')" key="UNSPECIFIED_SORTING_ATTRIBUTE" label="ApplicationsNotYetConfirmed"> 
    <Message>Sorting attribute are unspecified for the component 'ApplicationsNotYetConfirmed'</Message> 
  </Warning>  
  <Warning error="false" xpath="id('sv3#area10#page31#hinu1')" rootXPath="id('sv3')" key="NO_DISPLAY_ATTRIBUTES" label="KC_Tracks"> 
    <Message>No attributes to display are specified for the component 'KC_Tracks'</Message> 
  </Warning>  
  <Warning error="false" xpath="id('sv3#area10#page31#hinu1')" rootXPath="id('sv3')" key="UNSPECIFIED_SORTING_ATTRIBUTE" label="KC_Tracks"> 
    <Message>Sorting attribute are unspecified for the component 'KC_Tracks'</Message> 
  </Warning>  
  <Warning error="false" xpath="id('sv3#area10#page31#hinu1#hiulvl1')" rootXPath="id('sv3')" key="NO_DISPLAY_ATTRIBUTES" label="L1KC"> 
    <Message>No attributes to display are specified for the component 'L1KC'</Message> 
  </Warning>  
  <Warning error="false" xpath="id('sv3#area10#page31#hinu1#hiulvl1')" rootXPath="id('sv3')" key="UNSPECIFIED_SORTING_ATTRIBUTE" label="L1KC"> 
    <Message>Sorting attribute are unspecified for the component 'L1KC'</Message> 
  </Warning>  
  <Warning error="false" xpath="id('sv3#area10#page30#mciu1')" rootXPath="id('sv3')" key="NO_DISPLAY_ATTRIBUTES" label="SelectionRaces4Event"> 
    <Message>No attributes to display are specified for the component 'SelectionRaces4Event'</Message> 
  </Warning>  
  <Warning error="false" xpath="id('sv3#area10#page30#mciu1')" rootXPath="id('sv3')" key="UNSPECIFIED_SORTING_ATTRIBUTE" label="SelectionRaces4Event"> 
    <Message>Sorting attribute are unspecified for the component 'SelectionRaces4Event'</Message> 
  </Warning>  
  <Warning error="false" xpath="id('sv3#area8#page20#scu5')" rootXPath="id('sv3')" key="UNSPECIFIED_SORTING_ATTRIBUTE" label="MyEvents"> 
    <Message>Sorting attribute are unspecified for the component 'MyEvents'</Message> 
  </Warning>  
  <Warning error="false" xpath="id('sv3#area8#page20#inu11')" rootXPath="id('sv3')" key="NO_DISPLAY_ATTRIBUTES" label="MyEvents"> 
    <Message>No attributes to display are specified for the component 'MyEvents'</Message> 
  </Warning>  
  <Warning error="false" xpath="id('sv3#area8#page20#inu11')" rootXPath="id('sv3')" key="UNSPECIFIED_SORTING_ATTRIBUTE" label="MyEvents"> 
    <Message>Sorting attribute are unspecified for the component 'MyEvents'</Message> 
  </Warning>  
  <Warning error="false" xpath="id('sv4#area12#page34#inu38')" rootXPath="id('sv4')" key="NO_DISPLAY_ATTRIBUTES" label="TracksFromMyKC"> 
    <Message>No attributes to display are specified for the component 'TracksFromMyKC'</Message> 
  </Warning>  
  <Warning error="false" xpath="id('sv4#area12#page34#inu38')" rootXPath="id('sv4')" key="UNSPECIFIED_SORTING_ATTRIBUTE" label="TracksFromMyKC"> 
    <Message>Sorting attribute are unspecified for the component 'TracksFromMyKC'</Message> 
  </Warning>  
  <Warning error="false" xpath="id('sv4#area13#page35#inu39')" rootXPath="id('sv4')" key="NO_DISPLAY_ATTRIBUTES" label="ReservationsToConfirm"> 
    <Message>No attributes to display are specified for the component 'ReservationsToConfirm'</Message> 
  </Warning>  
  <Warning error="false" xpath="id('sv4#area13#page35#inu39')" rootXPath="id('sv4')" key="UNSPECIFIED_SORTING_ATTRIBUTE" label="ReservationsToConfirm"> 
    <Message>Sorting attribute are unspecified for the component 'ReservationsToConfirm'</Message> 
  </Warning>  
  <Warning xpath="id('sv1#area1#page2#enu1#fld2')" rootXPath="id('sv1')" label="Password"> 
    <Message>Security Warning: the password field 'Password' does not have any validation to ensure password strength</Message>  
    <Resolution class="com.webratio.ide.ui.resources.AddMissingValidationRuleResolutionGenerator" validationRuleName="PasswordStrengthValidationRule">Add missing Password Strength validation rule</Resolution> 
  </Warning>  
  <Warning xpath="id('sv4#area13#page35')" rootXPath="id('sv4')" label="ConfirmReservation"> 
    <Message>Security Warning: the public page 'ConfirmReservation' shows information about the user</Message>  
    <Resolution class="com.webratio.ide.ui.resources.ChangeAttributeResolutionGenerator" attribute="protected" value="true">Protect the page</Resolution> 
  </Warning>  
  <Warning xpath="id('sv3#area10#page27')" rootXPath="id('sv3')" label="ConfirmApplication"> 
    <Message>Security Warning: the public page 'ConfirmApplication' shows information about the user</Message>  
    <Resolution class="com.webratio.ide.ui.resources.ChangeAttributeResolutionGenerator" attribute="protected" value="true">Protect the page</Resolution> 
  </Warning>  
  <Warning xpath="id('sv2#area5#page3')" rootXPath="id('sv2')" label="HomePage"> 
    <Message>Security Warning: the public page 'HomePage' shows information about the user</Message>  
    <Resolution class="com.webratio.ide.ui.resources.ChangeAttributeResolutionGenerator" attribute="protected" value="true">Protect the page</Resolution> 
  </Warning>  
  <Warning error="false" xpath="id('sv1#area1#page2')" rootXPath="id('sv1')" key="" label="HomePage"> 
    <Message>Security Warning: the page 'HomePage' is public but no captcha field is configured on its form component</Message> 
  </Warning>  
  <Warning error="false" xpath="id('sv2#area6#page7')" rootXPath="id('sv2')" key="" label="ScrollRaces"> 
    <Message>Security Warning: the page 'ScrollRaces' is public but no captcha field is configured on its form component</Message> 
  </Warning>  
  <Warning error="false" xpath="id('mov1#hym1#page10')" rootXPath="id('mov1')" key="" label="ErrorPage"> 
    <Message>Security Warning: the page 'ErrorPage' is orphan</Message> 
  </Warning>  
  <Warning error="false" xpath="id('mov1#hym2#page13')" rootXPath="id('mov1')" key="" label="ErrorPage"> 
    <Message>Security Warning: the page 'ErrorPage' is orphan</Message> 
  </Warning>  
  <Warning error="false" xpath="id('mov1#hym3#page5')" rootXPath="id('mov1')" key="" label="ErrorPage"> 
    <Message>Security Warning: the page 'ErrorPage' is orphan</Message> 
  </Warning>  
  <Warning error="false" xpath="id('sv2#area11#page37')" rootXPath="id('sv2')" key="" label="CreateRace"> 
    <Message>Security Warning: the page 'CreateRace' is orphan</Message> 
  </Warning>  
  <Warning error="false" xpath="id('sv2#area11#page38')" rootXPath="id('sv2')" key="" label="ErrorCreatingRace"> 
    <Message>Security Warning: the page 'ErrorCreatingRace' is orphan</Message> 
  </Warning>  
  <Warning error="false" xpath="id('sv3#area10#page31')" rootXPath="id('sv3')" key="" label="CreateRace"> 
    <Message>Security Warning: the page 'CreateRace' is orphan</Message> 
  </Warning>  
  <Warning error="false" xpath="id('sv3#area10#page30')" rootXPath="id('sv3')" key="" label="CreateEvent"> 
    <Message>Security Warning: the page 'CreateEvent' is orphan</Message> 
  </Warning> 
</Warnings>
