<?xml version="1.0" encoding="UTF-8"?>

<Warnings> 
  <Warning xpath="id('sv2#area11')" rootXPath="id('sv2')" key="UNDEFINED_DEFAULT_PAGE_PARENT_NO_LANDMARK" label="Reservation"> 
    <Message>The default element is undefined for area 'Reservation'</Message> 
  </Warning>  
  <Warning xpath="id('sv2#area7#cnu24#oln111#par249')" rootXPath="id('sv2')" key="UNUSED_PASSING_PARAMETER" label="Source oid [Event]_PASSING"> 
    <Message>The passing parameter 'Source oid [Event]_PASSING' is declared but never used</Message>  
    <Resolution class="com.webratio.ide.ui.resources.RemoveElementResolutionGenerator">Remove the invalid link parameter 'sv2#area7#cnu24#oln111#par249'</Resolution> 
  </Warning>  
  <Warning xpath="id('sv2#area11#cnu26#kln16')" rootXPath="id('sv2')" key="AUTOMATIC_COUPLING_WITHOUT_EFFECT" label="KOFlow16"> 
    <Message>Neither explicit nor implicit parameters' bindings could be found for the flow 'KOFlow16'</Message>  
    <Resolution class="com.webratio.ide.ui.resources.ChangeAttributeResolutionGenerator" attribute="automaticCoupling" value="">Remove the 'Automatic Coupling' property</Resolution> 
  </Warning>  
  <Warning xpath="id('sv2#area11#miu4#kln15')" rootXPath="id('sv2')" key="AUTOMATIC_COUPLING_WITHOUT_EFFECT" label="KOFlow15"> 
    <Message>Neither explicit nor implicit parameters' bindings could be found for the flow 'KOFlow15'</Message>  
    <Resolution class="com.webratio.ide.ui.resources.ChangeAttributeResolutionGenerator" attribute="automaticCoupling" value="">Remove the 'Automatic Coupling' property</Resolution> 
  </Warning>  
  <Warning xpath="id('sv2#area6#seu6#kln3')" rootXPath="id('sv2')" key="AUTOMATIC_COUPLING_WITHOUT_EFFECT" label="KOFlow3"> 
    <Message>Neither explicit nor implicit parameters' bindings could be found for the flow 'KOFlow3'</Message>  
    <Resolution class="com.webratio.ide.ui.resources.ChangeAttributeResolutionGenerator" attribute="automaticCoupling" value="">Remove the 'Automatic Coupling' property</Resolution> 
  </Warning>  
  <Warning xpath="id('sv2#area7#opg2#kln13')" rootXPath="id('sv2')" key="AUTOMATIC_COUPLING_WITHOUT_EFFECT" label="KOFlow13"> 
    <Message>Neither explicit nor implicit parameters' bindings could be found for the flow 'KOFlow13'</Message>  
    <Resolution class="com.webratio.ide.ui.resources.ChangeAttributeResolutionGenerator" attribute="automaticCoupling" value="">Remove the 'Automatic Coupling' property</Resolution> 
  </Warning>  
  <Warning xpath="id('sv2#area11#cnu26')" rootXPath="id('sv2')" error="false" label="Pilot2Reservation" key="NO_OUTGOING_OK_LINKS"> 
    <Message>No outgoing OK flow(s) for the operation 'Pilot2Reservation'</Message> 
  </Warning>  
  <Warning error="false" xpath="id('sv2#area5#lou1')" rootXPath="id('sv2')" key="" label="PilotLogout"> 
    <Message>Security Warning: the Logout operation 'PilotLogout' does not have the 'Invalidate Session' flag enabled.</Message>  
    <Resolution message="Set Invalidate Session" class="com.webratio.ide.ui.resources.ChangeAttributeResolutionGenerator" attribute="invalidateSession" value="true">Set Invalidate Session</Resolution> 
  </Warning>  
  <Warning xpath="id('sv2#area6#cru8')" rootXPath="id('sv2')" error="false" label="CreateTrackReview" key="NO_OUTGOING_KO_LINKS"> 
    <Message>No outgoing KO flow(s) for the operation 'CreateTrackReview'</Message> 
  </Warning>  
  <Warning xpath="id('sv2#area6#cnu27')" rootXPath="id('sv2')" error="false" label="TrackReviewToTrack" key="NO_OUTGOING_KO_LINKS"> 
    <Message>No outgoing KO flow(s) for the operation 'TrackReviewToTrack'</Message> 
  </Warning>  
  <Warning xpath="id('sv2#area6#cnu28')" rootXPath="id('sv2')" error="false" label="TrackReview2Pilot" key="NO_OUTGOING_KO_LINKS"> 
    <Message>No outgoing KO flow(s) for the operation 'TrackReview2Pilot'</Message> 
  </Warning>  
  <Warning xpath="id('sv2#area7#cru7')" rootXPath="id('sv2')" error="false" label="EventReview" key="NO_OUTGOING_KO_LINKS"> 
    <Message>No outgoing KO flow(s) for the operation 'EventReview'</Message> 
  </Warning>  
  <Warning xpath="id('sv2#area7#cnu24')" rootXPath="id('sv2')" error="false" label="EReview2Event" key="NO_OUTGOING_KO_LINKS"> 
    <Message>No outgoing KO flow(s) for the operation 'EReview2Event'</Message> 
  </Warning>  
  <Warning xpath="id('sv2#area7#cnu25')" rootXPath="id('sv2')" error="false" label="EReview2Pilot" key="NO_OUTGOING_KO_LINKS"> 
    <Message>No outgoing KO flow(s) for the operation 'EReview2Pilot'</Message> 
  </Warning>  
  <Warning xpath="id('sv2#area7#opg2#cru3')" rootXPath="id('sv2')" error="false" label="CreateApplication" key="NO_OUTGOING_KO_LINKS"> 
    <Message>No outgoing KO flow(s) for the operation 'CreateApplication'</Message> 
  </Warning>  
  <Warning xpath="id('sv2#area7#opg2#cnu5')" rootXPath="id('sv2')" error="false" label="Application2Pilot" key="NO_OUTGOING_KO_LINKS"> 
    <Message>No outgoing KO flow(s) for the operation 'Application2Pilot'</Message> 
  </Warning>  
  <Warning xpath="id('sv2#area7#opg2#cnu6')" rootXPath="id('sv2')" error="false" label="Application2Event" key="NO_OUTGOING_KO_LINKS"> 
    <Message>No outgoing KO flow(s) for the operation 'Application2Event'</Message> 
  </Warning>  
  <Warning error="false" xpath="id('sv2#area5#page3#dau4')" rootXPath="id('sv2')" key="NO_DISPLAY_ATTRIBUTES" label="CurrentPilot"> 
    <Message>No attributes to display are specified for the component 'CurrentPilot'</Message> 
  </Warning>  
  <Warning error="false" xpath="id('sv2#area5#page3#dau5')" rootXPath="id('sv2')" key="NO_DISPLAY_ATTRIBUTES" label="LastRace"> 
    <Message>No attributes to display are specified for the component 'LastRace'</Message> 
  </Warning>  
  <Warning error="false" xpath="id('sv2#area5#page3#scu1')" rootXPath="id('sv2')" key="UNSPECIFIED_SORTING_ATTRIBUTE" label="MyRaces"> 
    <Message>Sorting attribute are unspecified for the component 'MyRaces'</Message> 
  </Warning>  
  <Warning error="false" xpath="id('sv2#area5#page3#inu12')" rootXPath="id('sv2')" key="NO_DISPLAY_ATTRIBUTES" label="MyRaces"> 
    <Message>No attributes to display are specified for the component 'MyRaces'</Message> 
  </Warning>  
  <Warning error="false" xpath="id('sv2#area5#page3#inu12')" rootXPath="id('sv2')" key="UNSPECIFIED_SORTING_ATTRIBUTE" label="MyRaces"> 
    <Message>Sorting attribute are unspecified for the component 'MyRaces'</Message> 
  </Warning>  
  <Warning error="false" xpath="id('sv2#area5#page3#mdu4')" rootXPath="id('sv2')" key="NO_DISPLAY_ATTRIBUTES" label="MyConfirmedEvents"> 
    <Message>No attributes to display are specified for the component 'MyConfirmedEvents'</Message> 
  </Warning>  
  <Warning error="false" xpath="id('sv2#area5#page3#mdu4')" rootXPath="id('sv2')" key="UNSPECIFIED_SORTING_ATTRIBUTE" label="MyConfirmedEvents"> 
    <Message>Sorting attribute are unspecified for the component 'MyConfirmedEvents'</Message> 
  </Warning>  
  <Warning error="false" xpath="id('sv2#area6#page7#scu2')" rootXPath="id('sv2')" key="UNSPECIFIED_SORTING_ATTRIBUTE" label="MyRaces"> 
    <Message>Sorting attribute are unspecified for the component 'MyRaces'</Message> 
  </Warning>  
  <Warning error="false" xpath="id('sv2#area6#page7#inu13')" rootXPath="id('sv2')" key="NO_DISPLAY_ATTRIBUTES" label="MyRaces"> 
    <Message>No attributes to display are specified for the component 'MyRaces'</Message> 
  </Warning>  
  <Warning error="false" xpath="id('sv2#area6#page7#inu13')" rootXPath="id('sv2')" key="UNSPECIFIED_SORTING_ATTRIBUTE" label="MyRaces"> 
    <Message>Sorting attribute are unspecified for the component 'MyRaces'</Message> 
  </Warning>  
  <Warning error="false" xpath="id('sv2#area6#page7#dau6')" rootXPath="id('sv2')" key="NO_DISPLAY_ATTRIBUTES" label="LastRace"> 
    <Message>No attributes to display are specified for the component 'LastRace'</Message> 
  </Warning>  
  <Warning error="false" xpath="id('sv2#area6#page7#scu3')" rootXPath="id('sv2')" key="UNSPECIFIED_SORTING_ATTRIBUTE" label="Races"> 
    <Message>Sorting attribute are unspecified for the component 'Races'</Message> 
  </Warning>  
  <Warning error="false" xpath="id('sv2#area6#page7#inu25')" rootXPath="id('sv2')" key="NO_DISPLAY_ATTRIBUTES" label="BatchRaces"> 
    <Message>No attributes to display are specified for the component 'BatchRaces'</Message> 
  </Warning>  
  <Warning error="false" xpath="id('sv2#area6#page7#inu25')" rootXPath="id('sv2')" key="UNSPECIFIED_SORTING_ATTRIBUTE" label="BatchRaces"> 
    <Message>Sorting attribute are unspecified for the component 'BatchRaces'</Message> 
  </Warning>  
  <Warning error="false" xpath="id('sv2#area6#page51#dau23')" rootXPath="id('sv2')" key="NO_DISPLAY_ATTRIBUTES" label="Track"> 
    <Message>No attributes to display are specified for the component 'Track'</Message> 
  </Warning>  
  <Warning error="false" xpath="id('sv2#area6#page54#inu49')" rootXPath="id('sv2')" key="NO_DISPLAY_ATTRIBUTES" label="MyPastRaces"> 
    <Message>No attributes to display are specified for the component 'MyPastRaces'</Message> 
  </Warning>  
  <Warning error="false" xpath="id('sv2#area6#page54#inu49')" rootXPath="id('sv2')" key="UNSPECIFIED_SORTING_ATTRIBUTE" label="MyPastRaces"> 
    <Message>Sorting attribute are unspecified for the component 'MyPastRaces'</Message> 
  </Warning>  
  <Warning error="false" xpath="id('sv2#area6#page55#enu12')" rootXPath="id('sv2')" key="NO_FIELDS" label="KCReview"> 
    <Message>No fields or flows are specified for the component 'KCReview'</Message> 
  </Warning>  
  <Warning error="false" xpath="id('sv2#area6#page55#dau24')" rootXPath="id('sv2')" key="NO_DISPLAY_ATTRIBUTES" label="KartingCenter"> 
    <Message>No attributes to display are specified for the component 'KartingCenter'</Message> 
  </Warning>  
  <Warning error="false" xpath="id('sv2#area7#page23#dau10')" rootXPath="id('sv2')" key="NO_DISPLAY_ATTRIBUTES" label="EventApplyingTo"> 
    <Message>No attributes to display are specified for the component 'EventApplyingTo'</Message> 
  </Warning>  
  <Warning error="false" xpath="id('sv2#area7#page21#dau9')" rootXPath="id('sv2')" key="NO_DISPLAY_ATTRIBUTES" label="Event"> 
    <Message>No attributes to display are specified for the component 'Event'</Message> 
  </Warning>  
  <Warning error="false" xpath="id('sv2#area7#page19#scu4')" rootXPath="id('sv2')" key="UNSPECIFIED_SORTING_ATTRIBUTE" label="Events"> 
    <Message>Sorting attribute are unspecified for the component 'Events'</Message> 
  </Warning>  
  <Warning error="false" xpath="id('sv2#area7#page19#inu26')" rootXPath="id('sv2')" key="NO_DISPLAY_ATTRIBUTES" label="Events"> 
    <Message>No attributes to display are specified for the component 'Events'</Message> 
  </Warning>  
  <Warning error="false" xpath="id('sv2#area7#page19#inu26')" rootXPath="id('sv2')" key="UNSPECIFIED_SORTING_ATTRIBUTE" label="Events"> 
    <Message>Sorting attribute are unspecified for the component 'Events'</Message> 
  </Warning>  
  <Warning error="false" xpath="id('sv2#area7#page19#inu34')" rootXPath="id('sv2')" key="NO_DISPLAY_ATTRIBUTES" label="AppliedButNotYetConfirmedEvents"> 
    <Message>No attributes to display are specified for the component 'AppliedButNotYetConfirmedEvents'</Message> 
  </Warning>  
  <Warning error="false" xpath="id('sv2#area7#page19#inu34')" rootXPath="id('sv2')" key="UNSPECIFIED_SORTING_ATTRIBUTE" label="AppliedButNotYetConfirmedEvents"> 
    <Message>Sorting attribute are unspecified for the component 'AppliedButNotYetConfirmedEvents'</Message> 
  </Warning>  
  <Warning error="false" xpath="id('sv2#area7#page19#pwu2')" rootXPath="id('sv2')" key="NO_DISPLAY_ATTRIBUTES" label="UpcomingEventsNotRegisteredTo"> 
    <Message>No attributes to display are specified for the component 'UpcomingEventsNotRegisteredTo'</Message> 
  </Warning>  
  <Warning error="false" xpath="id('sv2#area7#page19#pwu2')" rootXPath="id('sv2')" key="UNSPECIFIED_SORTING_ATTRIBUTE" label="UpcomingEventsNotRegisteredTo"> 
    <Message>Sorting attribute are unspecified for the component 'UpcomingEventsNotRegisteredTo'</Message> 
  </Warning>  
  <Warning error="false" xpath="id('sv2#area7#page19#inu47')" rootXPath="id('sv2')" key="NO_DISPLAY_ATTRIBUTES" label="MyConfirmedEvents"> 
    <Message>No attributes to display are specified for the component 'MyConfirmedEvents'</Message> 
  </Warning>  
  <Warning error="false" xpath="id('sv2#area7#page19#inu47')" rootXPath="id('sv2')" key="UNSPECIFIED_SORTING_ATTRIBUTE" label="MyConfirmedEvents"> 
    <Message>Sorting attribute are unspecified for the component 'MyConfirmedEvents'</Message> 
  </Warning>  
  <Warning error="false" xpath="id('sv2#area7#page29#inu48')" rootXPath="id('sv2')" key="NO_DISPLAY_ATTRIBUTES" label="PastEvent"> 
    <Message>No attributes to display are specified for the component 'PastEvent'</Message> 
  </Warning>  
  <Warning error="false" xpath="id('sv2#area7#page29#inu48')" rootXPath="id('sv2')" key="UNSPECIFIED_SORTING_ATTRIBUTE" label="PastEvent"> 
    <Message>Sorting attribute are unspecified for the component 'PastEvent'</Message> 
  </Warning>  
  <Warning error="false" xpath="id('sv2#area7#page38#dau19')" rootXPath="id('sv2')" key="NO_DISPLAY_ATTRIBUTES" label="Event"> 
    <Message>No attributes to display are specified for the component 'Event'</Message> 
  </Warning>  
  <Warning xpath="id('sv2#area5#page3')" rootXPath="id('sv2')" label="HomePage"> 
    <Message>Security Warning: the public page 'HomePage' shows information about the user</Message>  
    <Resolution class="com.webratio.ide.ui.resources.ChangeAttributeResolutionGenerator" attribute="protected" value="true">Protect the page</Resolution> 
  </Warning>  
  <Warning error="false" xpath="id('sv2#area7#page38')" rootXPath="id('sv2')" key="" label="EventReview"> 
    <Message>Security Warning: the page 'EventReview' is public but no captcha field is configured on its form component</Message> 
  </Warning>  
  <Warning error="false" xpath="id('sv2#area6#page7')" rootXPath="id('sv2')" key="" label="ScrollRaces"> 
    <Message>Security Warning: the page 'ScrollRaces' is public but no captcha field is configured on its form component</Message> 
  </Warning>  
  <Warning error="false" xpath="id('sv2#area6#page51')" rootXPath="id('sv2')" key="" label="TrackReview"> 
    <Message>Security Warning: the page 'TrackReview' is public but no captcha field is configured on its form component</Message> 
  </Warning>  
  <Warning error="false" xpath="id('sv2#area6#page55')" rootXPath="id('sv2')" key="" label="KartingCenterReview"> 
    <Message>Security Warning: the page 'KartingCenterReview' is public but no captcha field is configured on its form component</Message> 
  </Warning>  
  <Warning error="false" xpath="id('sv2#area11#page37')" rootXPath="id('sv2')" key="" label="CreateRace"> 
    <Message>Security Warning: the page 'CreateRace' is orphan</Message> 
  </Warning> 
</Warnings>
