<?xml version="1.0" encoding="UTF-8"?>

<DBMetaData driverMajorVersion="5" driverMinorVersion="1" driverVersion="mysql-connector-java-5.1.31 ( Revision: alexander.soklakov@oracle.com-20140520065950-groqzzbvxprqdmnz )" productVersion="5.5.5-10.4.28-MariaDB" identifierQuoteString="`" transactionLevel="Repeatable read" driverName="MySQL Connector Java" productName="MySQL">
  <Table schema="" ignoreIndexes="false" name="administrator" type="TABLE" refreshed="true">
    <Column sqlTypeId="4" indexed="unknown" autoIncrement="false" type="INT" size="10" decimalDigits="0" name="user_oid" primaryKey="true" notNull="true"/>
  </Table>
  <Table schema="" ignoreIndexes="false" name="administrator_2" type="TABLE" refreshed="true">
    <Column sqlTypeId="4" indexed="unknown" autoIncrement="false" type="INT" size="10" decimalDigits="0" name="user_2_oid" primaryKey="true" notNull="true"/>
  </Table>
  <Table schema="" ignoreIndexes="false" name="application" type="TABLE" refreshed="true">
    <Column sqlTypeId="4" indexed="unknown" autoIncrement="false" type="INT" size="10" decimalDigits="0" name="oid" primaryKey="true" notNull="true"/>
    <Column sqlTypeId="-7" indexed="unknown" autoIncrement="false" type="BIT" size="1" decimalDigits="0" name="confirmed" primaryKey="false" notNull="false"/>
    <Column sqlTypeId="4" indexed="unknown" autoIncrement="false" type="INT" size="10" decimalDigits="0" name="pilot_oid" primaryKey="false" notNull="false"/>
    <Column sqlTypeId="4" indexed="unknown" autoIncrement="false" type="INT" size="10" decimalDigits="0" name="event_oid" primaryKey="false" notNull="false"/>
  </Table>
  <Table schema="" ignoreIndexes="false" name="application_2" type="TABLE" refreshed="true">
    <Column sqlTypeId="4" indexed="unknown" autoIncrement="false" type="INT" size="10" decimalDigits="0" name="oid" primaryKey="true" notNull="true"/>
    <Column sqlTypeId="-7" indexed="unknown" autoIncrement="false" type="BIT" size="1" decimalDigits="0" name="confirmed" primaryKey="false" notNull="false"/>
    <Column sqlTypeId="4" indexed="unknown" autoIncrement="false" type="INT" size="10" decimalDigits="0" name="pilot_2_oid" primaryKey="false" notNull="false"/>
    <Column sqlTypeId="4" indexed="unknown" autoIncrement="false" type="INT" size="10" decimalDigits="0" name="event_2_oid" primaryKey="false" notNull="false"/>
  </Table>
  <Table schema="" ignoreIndexes="false" name="city" type="TABLE" refreshed="true">
    <Column sqlTypeId="4" indexed="unknown" autoIncrement="false" type="INT" size="10" decimalDigits="0" name="oid" primaryKey="true" notNull="true"/>
    <Column sqlTypeId="12" indexed="unknown" autoIncrement="false" type="VARCHAR" size="255" decimalDigits="0" name="name" primaryKey="false" notNull="false"/>
  </Table>
  <Table schema="" ignoreIndexes="false" name="city_2" type="TABLE" refreshed="true">
    <Column sqlTypeId="4" indexed="unknown" autoIncrement="false" type="INT" size="10" decimalDigits="0" name="oid" primaryKey="true" notNull="true"/>
    <Column sqlTypeId="12" indexed="unknown" autoIncrement="false" type="VARCHAR" size="255" decimalDigits="0" name="name" primaryKey="false" notNull="false"/>
  </Table>
  <Table schema="" ignoreIndexes="false" name="clerk" type="TABLE" refreshed="true">
    <Column sqlTypeId="4" indexed="unknown" autoIncrement="false" type="INT" size="10" decimalDigits="0" name="user_oid" primaryKey="true" notNull="true"/>
    <Column sqlTypeId="4" indexed="unknown" autoIncrement="false" type="INT" size="10" decimalDigits="0" name="kartingcenter_oid" primaryKey="false" notNull="false"/>
  </Table>
  <Table schema="" ignoreIndexes="false" name="clerk_2" type="TABLE" refreshed="true">
    <Column sqlTypeId="4" indexed="unknown" autoIncrement="false" type="INT" size="10" decimalDigits="0" name="user_2_oid" primaryKey="true" notNull="true"/>
    <Column sqlTypeId="4" indexed="unknown" autoIncrement="false" type="INT" size="10" decimalDigits="0" name="kartingcenter_2_oid" primaryKey="false" notNull="false"/>
  </Table>
  <Table schema="" ignoreIndexes="false" name="ereviewscorerange" type="TABLE" refreshed="true">
    <Column sqlTypeId="4" indexed="unknown" autoIncrement="false" type="INT" size="10" decimalDigits="0" name="oid" primaryKey="true" notNull="true"/>
    <Column sqlTypeId="8" indexed="unknown" autoIncrement="false" type="DOUBLE" size="22" decimalDigits="0" name="lowerboundincluded" primaryKey="false" notNull="false"/>
    <Column sqlTypeId="8" indexed="unknown" autoIncrement="false" type="DOUBLE" size="22" decimalDigits="0" name="upperboundexcluded" primaryKey="false" notNull="false"/>
  </Table>
  <Table schema="" ignoreIndexes="false" name="ereviewscorerange_2" type="TABLE" refreshed="true">
    <Column sqlTypeId="4" indexed="unknown" autoIncrement="false" type="INT" size="10" decimalDigits="0" name="oid" primaryKey="true" notNull="true"/>
    <Column sqlTypeId="8" indexed="unknown" autoIncrement="false" type="DOUBLE" size="22" decimalDigits="0" name="lowerboundincluded" primaryKey="false" notNull="false"/>
    <Column sqlTypeId="8" indexed="unknown" autoIncrement="false" type="DOUBLE" size="22" decimalDigits="0" name="upperboundexcluded" primaryKey="false" notNull="false"/>
  </Table>
  <Table schema="" ignoreIndexes="false" name="event" type="TABLE" refreshed="true">
    <Column sqlTypeId="4" indexed="unknown" autoIncrement="false" type="INT" size="10" decimalDigits="0" name="oid" primaryKey="true" notNull="true"/>
    <Column sqlTypeId="12" indexed="unknown" autoIncrement="false" type="VARCHAR" size="255" decimalDigits="0" name="name" primaryKey="false" notNull="false"/>
    <Column sqlTypeId="2" indexed="unknown" autoIncrement="false" type="NUMERIC" size="19" decimalDigits="2" webMLType="decimal" name="price" primaryKey="false" notNull="false"/>
    <Column sqlTypeId="4" indexed="unknown" autoIncrement="false" type="INT" size="10" decimalDigits="0" name="eventcategory_oid" primaryKey="false" notNull="false"/>
    <Column sqlTypeId="4" indexed="unknown" autoIncrement="false" type="INT" size="10" decimalDigits="0" name="organizer_oid" primaryKey="false" notNull="false"/>
  </Table>
  <Table schema="" ignoreIndexes="false" name="event_2" type="TABLE" refreshed="true">
    <Column sqlTypeId="4" indexed="unknown" autoIncrement="false" type="INT" size="10" decimalDigits="0" name="oid" primaryKey="true" notNull="true"/>
    <Column sqlTypeId="12" indexed="unknown" autoIncrement="false" type="VARCHAR" size="255" decimalDigits="0" name="name" primaryKey="false" notNull="false"/>
    <Column sqlTypeId="2" indexed="unknown" autoIncrement="false" type="NUMERIC" size="19" decimalDigits="2" webMLType="decimal" name="price" primaryKey="false" notNull="false"/>
    <Column sqlTypeId="4" indexed="unknown" autoIncrement="false" type="INT" size="10" decimalDigits="0" name="eventcategory_2_oid" primaryKey="false" notNull="false"/>
    <Column sqlTypeId="4" indexed="unknown" autoIncrement="false" type="INT" size="10" decimalDigits="0" name="organizer_2_oid" primaryKey="false" notNull="false"/>
  </Table>
  <Table schema="" ignoreIndexes="false" name="eventcategory" type="TABLE" refreshed="true">
    <Column sqlTypeId="4" indexed="unknown" autoIncrement="false" type="INT" size="10" decimalDigits="0" name="oid" primaryKey="true" notNull="true"/>
    <Column sqlTypeId="12" indexed="unknown" autoIncrement="false" type="VARCHAR" size="255" decimalDigits="0" name="pilotcategory" primaryKey="false" notNull="false"/>
  </Table>
  <Table schema="" ignoreIndexes="false" name="eventcategory_2" type="TABLE" refreshed="true">
    <Column sqlTypeId="4" indexed="unknown" autoIncrement="false" type="INT" size="10" decimalDigits="0" name="oid" primaryKey="true" notNull="true"/>
    <Column sqlTypeId="12" indexed="unknown" autoIncrement="false" type="VARCHAR" size="255" decimalDigits="0" name="eventcategory" primaryKey="false" notNull="false"/>
  </Table>
  <Table schema="" ignoreIndexes="false" name="eventreview" type="TABLE" refreshed="true">
    <Column sqlTypeId="4" indexed="unknown" autoIncrement="false" type="INT" size="10" decimalDigits="0" name="review_oid" primaryKey="true" notNull="true"/>
    <Column sqlTypeId="4" indexed="unknown" autoIncrement="false" type="INT" size="10" decimalDigits="0" name="pilot_oid" primaryKey="false" notNull="false"/>
    <Column sqlTypeId="4" indexed="unknown" autoIncrement="false" type="INT" size="10" decimalDigits="0" name="event_oid" primaryKey="false" notNull="false"/>
  </Table>
  <Table schema="" ignoreIndexes="false" name="eventreview_2" type="TABLE" refreshed="true">
    <Column sqlTypeId="4" indexed="unknown" autoIncrement="false" type="INT" size="10" decimalDigits="0" name="review_2_oid" primaryKey="true" notNull="true"/>
    <Column sqlTypeId="4" indexed="unknown" autoIncrement="false" type="INT" size="10" decimalDigits="0" name="pilot_2_oid" primaryKey="false" notNull="false"/>
    <Column sqlTypeId="4" indexed="unknown" autoIncrement="false" type="INT" size="10" decimalDigits="0" name="event_2_oid" primaryKey="false" notNull="false"/>
  </Table>
  <Table schema="" ignoreIndexes="false" name="favouritetracks" type="TABLE" refreshed="true">
    <Column sqlTypeId="4" indexed="unknown" autoIncrement="false" type="INT" size="10" decimalDigits="0" name="pilot_oid" primaryKey="true" notNull="true"/>
    <Column sqlTypeId="4" indexed="unknown" autoIncrement="false" type="INT" size="10" decimalDigits="0" name="track_oid" primaryKey="true" notNull="true"/>
  </Table>
  <Table schema="" ignoreIndexes="false" name="favouritetracks_2" type="TABLE" refreshed="true">
    <Column sqlTypeId="4" indexed="unknown" autoIncrement="false" type="INT" size="10" decimalDigits="0" name="pilot_2_oid" primaryKey="true" notNull="true"/>
    <Column sqlTypeId="4" indexed="unknown" autoIncrement="false" type="INT" size="10" decimalDigits="0" name="track_2_oid" primaryKey="true" notNull="true"/>
  </Table>
  <Table schema="" ignoreIndexes="false" name="gokart" type="TABLE" refreshed="true">
    <Column sqlTypeId="4" indexed="unknown" autoIncrement="false" type="INT" size="10" decimalDigits="0" name="oid" primaryKey="true" notNull="true"/>
    <Column sqlTypeId="4" indexed="unknown" autoIncrement="false" type="INT" size="10" decimalDigits="0" name="track_oid" primaryKey="false" notNull="false"/>
    <Column sqlTypeId="4" indexed="unknown" autoIncrement="false" type="INT" size="10" decimalDigits="0" name="gokartmodel_oid" primaryKey="false" notNull="false"/>
  </Table>
  <Table schema="" ignoreIndexes="false" name="gokart_2" type="TABLE" refreshed="true">
    <Column sqlTypeId="4" indexed="unknown" autoIncrement="false" type="INT" size="10" decimalDigits="0" name="oid" primaryKey="true" notNull="true"/>
    <Column sqlTypeId="4" indexed="unknown" autoIncrement="false" type="INT" size="10" decimalDigits="0" name="track_2_oid" primaryKey="false" notNull="false"/>
    <Column sqlTypeId="4" indexed="unknown" autoIncrement="false" type="INT" size="10" decimalDigits="0" name="gokartmodel_2_oid" primaryKey="false" notNull="false"/>
  </Table>
  <Table schema="" ignoreIndexes="false" name="gokartcategory_track" type="TABLE" refreshed="true">
    <Column sqlTypeId="4" indexed="unknown" autoIncrement="false" type="INT" size="10" decimalDigits="0" name="gokartmodel_oid" primaryKey="true" notNull="true"/>
    <Column sqlTypeId="4" indexed="unknown" autoIncrement="false" type="INT" size="10" decimalDigits="0" name="track_oid" primaryKey="true" notNull="true"/>
  </Table>
  <Table schema="" ignoreIndexes="false" name="gokartcategory_track_2" type="TABLE" refreshed="true">
    <Column sqlTypeId="4" indexed="unknown" autoIncrement="false" type="INT" size="10" decimalDigits="0" name="gokartmodel_2_oid" primaryKey="true" notNull="true"/>
    <Column sqlTypeId="4" indexed="unknown" autoIncrement="false" type="INT" size="10" decimalDigits="0" name="track_2_oid" primaryKey="true" notNull="true"/>
  </Table>
  <Table schema="" ignoreIndexes="false" name="gokartmodel" type="TABLE" refreshed="true">
    <Column sqlTypeId="4" indexed="unknown" autoIncrement="false" type="INT" size="10" decimalDigits="0" name="oid" primaryKey="true" notNull="true"/>
    <Column sqlTypeId="12" indexed="unknown" autoIncrement="false" type="VARCHAR" size="255" decimalDigits="0" name="gokartmodel" primaryKey="false" notNull="false"/>
  </Table>
  <Table schema="" ignoreIndexes="false" name="gokartmodel_2" type="TABLE" refreshed="true">
    <Column sqlTypeId="4" indexed="unknown" autoIncrement="false" type="INT" size="10" decimalDigits="0" name="oid" primaryKey="true" notNull="true"/>
    <Column sqlTypeId="12" indexed="unknown" autoIncrement="false" type="VARCHAR" size="255" decimalDigits="0" name="gokartmodel" primaryKey="false" notNull="false"/>
  </Table>
  <Table schema="" ignoreIndexes="false" name="group" type="TABLE" refreshed="true">
    <Column sqlTypeId="4" indexed="unknown" autoIncrement="false" type="INT" size="10" decimalDigits="0" name="oid" primaryKey="true" notNull="true"/>
    <Column sqlTypeId="12" indexed="unknown" autoIncrement="false" type="VARCHAR" size="255" decimalDigits="0" name="groupname" primaryKey="false" notNull="false"/>
    <Column sqlTypeId="4" indexed="unknown" autoIncrement="false" type="INT" size="10" decimalDigits="0" name="module_oid" primaryKey="false" notNull="false"/>
  </Table>
  <Table schema="" ignoreIndexes="false" name="group_2" type="TABLE" refreshed="true">
    <Column sqlTypeId="4" indexed="unknown" autoIncrement="false" type="INT" size="10" decimalDigits="0" name="oid" primaryKey="true" notNull="true"/>
    <Column sqlTypeId="12" indexed="unknown" autoIncrement="false" type="VARCHAR" size="255" decimalDigits="0" name="groupname" primaryKey="false" notNull="false"/>
    <Column sqlTypeId="4" indexed="unknown" autoIncrement="false" type="INT" size="10" decimalDigits="0" name="module_2_oid" primaryKey="false" notNull="false"/>
  </Table>
  <Table schema="" ignoreIndexes="false" name="group_module" type="TABLE" refreshed="true">
    <Column sqlTypeId="4" indexed="unknown" autoIncrement="false" type="INT" size="10" decimalDigits="0" name="group_oid" primaryKey="true" notNull="true"/>
    <Column sqlTypeId="4" indexed="unknown" autoIncrement="false" type="INT" size="10" decimalDigits="0" name="module_oid" primaryKey="true" notNull="true"/>
  </Table>
  <Table schema="" ignoreIndexes="false" name="group_module_2" type="TABLE" refreshed="true">
    <Column sqlTypeId="4" indexed="unknown" autoIncrement="false" type="INT" size="10" decimalDigits="0" name="group_2_oid" primaryKey="true" notNull="true"/>
    <Column sqlTypeId="4" indexed="unknown" autoIncrement="false" type="INT" size="10" decimalDigits="0" name="module_2_oid" primaryKey="true" notNull="true"/>
  </Table>
  <Table schema="" ignoreIndexes="false" name="kartingcenter" type="TABLE" refreshed="true">
    <Column sqlTypeId="4" indexed="unknown" autoIncrement="false" type="INT" size="10" decimalDigits="0" name="oid" primaryKey="true" notNull="true"/>
    <Column sqlTypeId="12" indexed="unknown" autoIncrement="false" type="VARCHAR" size="255" decimalDigits="0" name="name" primaryKey="false" notNull="false"/>
    <Column sqlTypeId="4" indexed="unknown" autoIncrement="false" type="INT" size="10" decimalDigits="0" name="city_oid" primaryKey="false" notNull="false"/>
    <Column sqlTypeId="4" indexed="unknown" autoIncrement="false" type="INT" size="10" decimalDigits="0" name="kartingcenteradmin_oid" primaryKey="false" notNull="false"/>
  </Table>
  <Table schema="" ignoreIndexes="false" name="kartingcenter_2" type="TABLE" refreshed="true">
    <Column sqlTypeId="4" indexed="unknown" autoIncrement="false" type="INT" size="10" decimalDigits="0" name="oid" primaryKey="true" notNull="true"/>
    <Column sqlTypeId="12" indexed="unknown" autoIncrement="false" type="VARCHAR" size="255" decimalDigits="0" name="name" primaryKey="false" notNull="false"/>
    <Column sqlTypeId="4" indexed="unknown" autoIncrement="false" type="INT" size="10" decimalDigits="0" name="city_2_oid" primaryKey="false" notNull="false"/>
    <Column sqlTypeId="4" indexed="unknown" autoIncrement="false" type="INT" size="10" decimalDigits="0" name="kartingcenteradmin_2_oid" primaryKey="false" notNull="false"/>
  </Table>
  <Table schema="" ignoreIndexes="false" name="kartingcenteradmin" type="TABLE" refreshed="true">
    <Column sqlTypeId="4" indexed="unknown" autoIncrement="false" type="INT" size="10" decimalDigits="0" name="user_oid" primaryKey="true" notNull="true"/>
  </Table>
  <Table schema="" ignoreIndexes="false" name="kartingcenteradmin_2" type="TABLE" refreshed="true">
    <Column sqlTypeId="4" indexed="unknown" autoIncrement="false" type="INT" size="10" decimalDigits="0" name="user_2_oid" primaryKey="true" notNull="true"/>
  </Table>
  <Table schema="" ignoreIndexes="false" name="kartingcenterreview" type="TABLE" refreshed="true">
    <Column sqlTypeId="4" indexed="unknown" autoIncrement="false" type="INT" size="10" decimalDigits="0" name="review_oid" primaryKey="true" notNull="true"/>
    <Column sqlTypeId="4" indexed="unknown" autoIncrement="false" type="INT" size="10" decimalDigits="0" name="kartingcenter_oid" primaryKey="false" notNull="false"/>
    <Column sqlTypeId="4" indexed="unknown" autoIncrement="false" type="INT" size="10" decimalDigits="0" name="pilot_oid" primaryKey="false" notNull="false"/>
  </Table>
  <Table schema="" ignoreIndexes="false" name="kartingcenterreview_2" type="TABLE" refreshed="true">
    <Column sqlTypeId="4" indexed="unknown" autoIncrement="false" type="INT" size="10" decimalDigits="0" name="review_2_oid" primaryKey="true" notNull="true"/>
    <Column sqlTypeId="4" indexed="unknown" autoIncrement="false" type="INT" size="10" decimalDigits="0" name="kartingcenter_2_oid" primaryKey="false" notNull="false"/>
    <Column sqlTypeId="4" indexed="unknown" autoIncrement="false" type="INT" size="10" decimalDigits="0" name="pilot_2_oid" primaryKey="false" notNull="false"/>
  </Table>
  <Table schema="" ignoreIndexes="false" name="kcreviewscorerange" type="TABLE" refreshed="true">
    <Column sqlTypeId="4" indexed="unknown" autoIncrement="false" type="INT" size="10" decimalDigits="0" name="oid" primaryKey="true" notNull="true"/>
    <Column sqlTypeId="8" indexed="unknown" autoIncrement="false" type="DOUBLE" size="22" decimalDigits="0" name="lowerboundincluded" primaryKey="false" notNull="false"/>
    <Column sqlTypeId="8" indexed="unknown" autoIncrement="false" type="DOUBLE" size="22" decimalDigits="0" name="upperboundexcluded" primaryKey="false" notNull="false"/>
  </Table>
  <Table schema="" ignoreIndexes="false" name="kcreviewscorerange_2" type="TABLE" refreshed="true">
    <Column sqlTypeId="4" indexed="unknown" autoIncrement="false" type="INT" size="10" decimalDigits="0" name="oid" primaryKey="true" notNull="true"/>
    <Column sqlTypeId="8" indexed="unknown" autoIncrement="false" type="DOUBLE" size="22" decimalDigits="0" name="lowerboundincluded" primaryKey="false" notNull="false"/>
    <Column sqlTypeId="8" indexed="unknown" autoIncrement="false" type="DOUBLE" size="22" decimalDigits="0" name="upperboundexcluded" primaryKey="false" notNull="false"/>
  </Table>
  <Table schema="" ignoreIndexes="false" name="laptime" type="TABLE" refreshed="true">
    <Column sqlTypeId="4" indexed="unknown" autoIncrement="false" type="INT" size="10" decimalDigits="0" name="oid" primaryKey="true" notNull="true"/>
    <Column sqlTypeId="4" indexed="unknown" autoIncrement="false" type="INT" size="10" decimalDigits="0" name="lapnumber" primaryKey="false" notNull="false"/>
    <Column sqlTypeId="2" indexed="unknown" autoIncrement="false" type="NUMERIC" size="19" decimalDigits="2" webMLType="decimal" name="laptime" primaryKey="false" notNull="false"/>
    <Column sqlTypeId="4" indexed="unknown" autoIncrement="false" type="INT" size="10" decimalDigits="0" name="race_oid" primaryKey="false" notNull="false"/>
    <Column sqlTypeId="4" indexed="unknown" autoIncrement="false" type="INT" size="10" decimalDigits="0" name="pilot_oid" primaryKey="false" notNull="false"/>
  </Table>
  <Table schema="" ignoreIndexes="false" name="laptime_2" type="TABLE" refreshed="true">
    <Column sqlTypeId="4" indexed="unknown" autoIncrement="false" type="INT" size="10" decimalDigits="0" name="oid" primaryKey="true" notNull="true"/>
    <Column sqlTypeId="4" indexed="unknown" autoIncrement="false" type="INT" size="10" decimalDigits="0" name="lapnumber" primaryKey="false" notNull="false"/>
    <Column sqlTypeId="2" indexed="unknown" autoIncrement="false" type="NUMERIC" size="19" decimalDigits="2" webMLType="decimal" name="laptime" primaryKey="false" notNull="false"/>
    <Column sqlTypeId="4" indexed="unknown" autoIncrement="false" type="INT" size="10" decimalDigits="0" name="race_2_oid" primaryKey="false" notNull="false"/>
    <Column sqlTypeId="4" indexed="unknown" autoIncrement="false" type="INT" size="10" decimalDigits="0" name="pilot_2_oid" primaryKey="false" notNull="false"/>
  </Table>
  <Table schema="" ignoreIndexes="false" name="leaderboard" type="TABLE" refreshed="true">
    <Column sqlTypeId="4" indexed="unknown" autoIncrement="false" type="INT" size="10" decimalDigits="0" name="oid" primaryKey="true" notNull="true"/>
    <Column sqlTypeId="4" indexed="unknown" autoIncrement="false" type="INT" size="10" decimalDigits="0" name="track_oid" primaryKey="false" notNull="false"/>
    <Column sqlTypeId="12" indexed="unknown" autoIncrement="false" type="VARCHAR" size="255" decimalDigits="0" name="title" primaryKey="false" notNull="false"/>
  </Table>
  <Table schema="" ignoreIndexes="false" name="leaderboard_2" type="TABLE" refreshed="true">
    <Column sqlTypeId="4" indexed="unknown" autoIncrement="false" type="INT" size="10" decimalDigits="0" name="oid" primaryKey="true" notNull="true"/>
    <Column sqlTypeId="12" indexed="unknown" autoIncrement="false" type="VARCHAR" size="255" decimalDigits="0" name="title" primaryKey="false" notNull="false"/>
    <Column sqlTypeId="4" indexed="unknown" autoIncrement="false" type="INT" size="10" decimalDigits="0" name="track_2_oid" primaryKey="false" notNull="false"/>
  </Table>
  <Table schema="" ignoreIndexes="false" name="module" type="TABLE" refreshed="true">
    <Column sqlTypeId="4" indexed="unknown" autoIncrement="false" type="INT" size="10" decimalDigits="0" name="oid" primaryKey="true" notNull="true"/>
    <Column sqlTypeId="12" indexed="unknown" autoIncrement="false" type="VARCHAR" size="255" decimalDigits="0" name="moduleid" primaryKey="false" notNull="false"/>
    <Column sqlTypeId="12" indexed="unknown" autoIncrement="false" type="VARCHAR" size="255" decimalDigits="0" name="modulename" primaryKey="false" notNull="false"/>
  </Table>
  <Table schema="" ignoreIndexes="false" name="module_2" type="TABLE" refreshed="true">
    <Column sqlTypeId="4" indexed="unknown" autoIncrement="false" type="INT" size="10" decimalDigits="0" name="oid" primaryKey="true" notNull="true"/>
    <Column sqlTypeId="12" indexed="unknown" autoIncrement="false" type="VARCHAR" size="255" decimalDigits="0" name="moduleid" primaryKey="false" notNull="false"/>
    <Column sqlTypeId="12" indexed="unknown" autoIncrement="false" type="VARCHAR" size="255" decimalDigits="0" name="modulename" primaryKey="false" notNull="false"/>
  </Table>
  <Table schema="" ignoreIndexes="false" name="neventsrange" type="TABLE" refreshed="true">
    <Column sqlTypeId="4" indexed="unknown" autoIncrement="false" type="INT" size="10" decimalDigits="0" name="oid" primaryKey="true" notNull="true"/>
    <Column sqlTypeId="4" indexed="unknown" autoIncrement="false" type="INT" size="10" decimalDigits="0" name="lowerboundincluded" primaryKey="false" notNull="false"/>
    <Column sqlTypeId="4" indexed="unknown" autoIncrement="false" type="INT" size="10" decimalDigits="0" name="upperboundexcluded" primaryKey="false" notNull="false"/>
  </Table>
  <Table schema="" ignoreIndexes="false" name="neventsrange_2" type="TABLE" refreshed="true">
    <Column sqlTypeId="4" indexed="unknown" autoIncrement="false" type="INT" size="10" decimalDigits="0" name="oid" primaryKey="true" notNull="true"/>
    <Column sqlTypeId="4" indexed="unknown" autoIncrement="false" type="INT" size="10" decimalDigits="0" name="lowerboundincluded" primaryKey="false" notNull="false"/>
    <Column sqlTypeId="4" indexed="unknown" autoIncrement="false" type="INT" size="10" decimalDigits="0" name="upperboundexcluded" primaryKey="false" notNull="false"/>
  </Table>
  <Table schema="" ignoreIndexes="false" name="npilotsrange" type="TABLE" refreshed="true">
    <Column sqlTypeId="4" indexed="unknown" autoIncrement="false" type="INT" size="10" decimalDigits="0" name="oid" primaryKey="true" notNull="true"/>
    <Column sqlTypeId="4" indexed="unknown" autoIncrement="false" type="INT" size="10" decimalDigits="0" name="lowerboundincluded" primaryKey="false" notNull="false"/>
    <Column sqlTypeId="4" indexed="unknown" autoIncrement="false" type="INT" size="10" decimalDigits="0" name="upperboundexcluded" primaryKey="false" notNull="false"/>
  </Table>
  <Table schema="" ignoreIndexes="false" name="npilotsrange_2" type="TABLE" refreshed="true">
    <Column sqlTypeId="4" indexed="unknown" autoIncrement="false" type="INT" size="10" decimalDigits="0" name="oid" primaryKey="true" notNull="true"/>
    <Column sqlTypeId="4" indexed="unknown" autoIncrement="false" type="INT" size="10" decimalDigits="0" name="lowerboundincluded" primaryKey="false" notNull="false"/>
    <Column sqlTypeId="4" indexed="unknown" autoIncrement="false" type="INT" size="10" decimalDigits="0" name="upperboundexcluded" primaryKey="false" notNull="false"/>
  </Table>
  <Table schema="" ignoreIndexes="false" name="nracesrange" type="TABLE" refreshed="true">
    <Column sqlTypeId="4" indexed="unknown" autoIncrement="false" type="INT" size="10" decimalDigits="0" name="oid" primaryKey="true" notNull="true"/>
    <Column sqlTypeId="4" indexed="unknown" autoIncrement="false" type="INT" size="10" decimalDigits="0" name="lowerboundincluded" primaryKey="false" notNull="false"/>
    <Column sqlTypeId="4" indexed="unknown" autoIncrement="false" type="INT" size="10" decimalDigits="0" name="upperboundexcluded" primaryKey="false" notNull="false"/>
  </Table>
  <Table schema="" ignoreIndexes="false" name="nracesrange_2" type="TABLE" refreshed="true">
    <Column sqlTypeId="4" indexed="unknown" autoIncrement="false" type="INT" size="10" decimalDigits="0" name="oid" primaryKey="true" notNull="true"/>
    <Column sqlTypeId="4" indexed="unknown" autoIncrement="false" type="INT" size="10" decimalDigits="0" name="lowerboundincluded" primaryKey="false" notNull="false"/>
    <Column sqlTypeId="4" indexed="unknown" autoIncrement="false" type="INT" size="10" decimalDigits="0" name="upperboundexcluded" primaryKey="false" notNull="false"/>
  </Table>
  <Table schema="" ignoreIndexes="false" name="organizer" type="TABLE" refreshed="true">
    <Column sqlTypeId="4" indexed="unknown" autoIncrement="false" type="INT" size="10" decimalDigits="0" name="user_oid" primaryKey="true" notNull="true"/>
  </Table>
  <Table schema="" ignoreIndexes="false" name="organizer_2" type="TABLE" refreshed="true">
    <Column sqlTypeId="4" indexed="unknown" autoIncrement="false" type="INT" size="10" decimalDigits="0" name="user_2_oid" primaryKey="true" notNull="true"/>
  </Table>
  <Table schema="" ignoreIndexes="false" name="participation" type="TABLE" refreshed="true">
    <Column sqlTypeId="4" indexed="unknown" autoIncrement="false" type="INT" size="10" decimalDigits="0" name="pilot_oid" primaryKey="true" notNull="true"/>
    <Column sqlTypeId="4" indexed="unknown" autoIncrement="false" type="INT" size="10" decimalDigits="0" name="race_oid" primaryKey="true" notNull="true"/>
  </Table>
  <Table schema="" ignoreIndexes="false" name="participation_2" type="TABLE" refreshed="true">
    <Column sqlTypeId="4" indexed="unknown" autoIncrement="false" type="INT" size="10" decimalDigits="0" name="pilot_2_oid" primaryKey="true" notNull="true"/>
    <Column sqlTypeId="4" indexed="unknown" autoIncrement="false" type="INT" size="10" decimalDigits="0" name="race_2_oid" primaryKey="true" notNull="true"/>
  </Table>
  <Table schema="" ignoreIndexes="false" name="pilot" type="TABLE" refreshed="true">
    <Column sqlTypeId="4" indexed="unknown" autoIncrement="false" type="INT" size="10" decimalDigits="0" name="user_oid" primaryKey="true" notNull="true"/>
    <Column sqlTypeId="4" indexed="unknown" autoIncrement="false" type="INT" size="10" decimalDigits="0" name="race_oid" primaryKey="false" notNull="false"/>
    <Column sqlTypeId="4" indexed="unknown" autoIncrement="false" type="INT" size="10" decimalDigits="0" name="age" primaryKey="false" notNull="false"/>
    <Column sqlTypeId="4" indexed="unknown" autoIncrement="false" type="INT" size="10" decimalDigits="0" name="weight" primaryKey="false" notNull="false"/>
  </Table>
  <Table schema="" ignoreIndexes="false" name="pilot_2" type="TABLE" refreshed="true">
    <Column sqlTypeId="4" indexed="unknown" autoIncrement="false" type="INT" size="10" decimalDigits="0" name="user_2_oid" primaryKey="true" notNull="true"/>
    <Column sqlTypeId="4" indexed="unknown" autoIncrement="false" type="INT" size="10" decimalDigits="0" name="age" primaryKey="false" notNull="false"/>
    <Column sqlTypeId="4" indexed="unknown" autoIncrement="false" type="INT" size="10" decimalDigits="0" name="weight" primaryKey="false" notNull="false"/>
    <Column sqlTypeId="4" indexed="unknown" autoIncrement="false" type="INT" size="10" decimalDigits="0" name="race_2_oid" primaryKey="false" notNull="false"/>
  </Table>
  <Table schema="" ignoreIndexes="false" name="populartrack" type="TABLE" refreshed="true">
    <Column sqlTypeId="4" indexed="unknown" autoIncrement="false" type="INT" size="10" decimalDigits="0" name="track_oid" primaryKey="true" notNull="true"/>
  </Table>
  <Table schema="" ignoreIndexes="false" name="populartrack_2" type="TABLE" refreshed="true">
    <Column sqlTypeId="4" indexed="unknown" autoIncrement="false" type="INT" size="10" decimalDigits="0" name="track_2_oid" primaryKey="true" notNull="true"/>
  </Table>
  <Table schema="" ignoreIndexes="false" name="pricerange" type="TABLE" refreshed="true">
    <Column sqlTypeId="4" indexed="unknown" autoIncrement="false" type="INT" size="10" decimalDigits="0" name="oid" primaryKey="true" notNull="true"/>
    <Column sqlTypeId="2" indexed="unknown" autoIncrement="false" type="NUMERIC" size="19" decimalDigits="2" webMLType="decimal" name="lowerboundincluded" primaryKey="false" notNull="false"/>
    <Column sqlTypeId="2" indexed="unknown" autoIncrement="false" type="NUMERIC" size="19" decimalDigits="2" webMLType="decimal" name="upperboundexcluded" primaryKey="false" notNull="false"/>
  </Table>
  <Table schema="" ignoreIndexes="false" name="pricerange_2" type="TABLE" refreshed="true">
    <Column sqlTypeId="4" indexed="unknown" autoIncrement="false" type="INT" size="10" decimalDigits="0" name="oid" primaryKey="true" notNull="true"/>
    <Column sqlTypeId="2" indexed="unknown" autoIncrement="false" type="NUMERIC" size="19" decimalDigits="2" webMLType="decimal" name="lowerboundincluded" primaryKey="false" notNull="false"/>
    <Column sqlTypeId="2" indexed="unknown" autoIncrement="false" type="NUMERIC" size="19" decimalDigits="2" webMLType="decimal" name="upperboundexcluded" primaryKey="false" notNull="false"/>
  </Table>
  <Table schema="" ignoreIndexes="false" name="race" type="TABLE" refreshed="true">
    <Column sqlTypeId="4" indexed="unknown" autoIncrement="false" type="INT" size="10" decimalDigits="0" name="oid" primaryKey="true" notNull="true"/>
    <Column sqlTypeId="91" indexed="unknown" autoIncrement="false" type="DATE" size="10" decimalDigits="0" name="date" primaryKey="false" notNull="false"/>
    <Column sqlTypeId="92" indexed="unknown" autoIncrement="false" type="TIME" size="8" decimalDigits="0" name="start" primaryKey="false" notNull="false"/>
    <Column sqlTypeId="92" indexed="unknown" autoIncrement="false" type="TIME" size="8" decimalDigits="0" name="end" primaryKey="false" notNull="false"/>
    <Column sqlTypeId="-7" indexed="unknown" autoIncrement="false" type="BIT" size="1" decimalDigits="0" name="forevent" primaryKey="false" notNull="false"/>
    <Column sqlTypeId="4" indexed="unknown" autoIncrement="false" type="INT" size="10" decimalDigits="0" name="event_oid" primaryKey="false" notNull="false"/>
    <Column sqlTypeId="4" indexed="unknown" autoIncrement="false" type="INT" size="10" decimalDigits="0" name="reservation_oid" primaryKey="false" notNull="false"/>
    <Column sqlTypeId="4" indexed="unknown" autoIncrement="false" type="INT" size="10" decimalDigits="0" name="track_oid" primaryKey="false" notNull="false"/>
  </Table>
  <Table schema="" ignoreIndexes="false" name="race_2" type="TABLE" refreshed="true">
    <Column sqlTypeId="4" indexed="unknown" autoIncrement="false" type="INT" size="10" decimalDigits="0" name="oid" primaryKey="true" notNull="true"/>
    <Column sqlTypeId="91" indexed="unknown" autoIncrement="false" type="DATE" size="10" decimalDigits="0" name="date" primaryKey="false" notNull="false"/>
    <Column sqlTypeId="92" indexed="unknown" autoIncrement="false" type="TIME" size="8" decimalDigits="0" name="start" primaryKey="false" notNull="false"/>
    <Column sqlTypeId="92" indexed="unknown" autoIncrement="false" type="TIME" size="8" decimalDigits="0" name="end" primaryKey="false" notNull="false"/>
    <Column sqlTypeId="-7" indexed="unknown" autoIncrement="false" type="BIT" size="1" decimalDigits="0" name="forevent" primaryKey="false" notNull="false"/>
    <Column sqlTypeId="4" indexed="unknown" autoIncrement="false" type="INT" size="10" decimalDigits="0" name="event_2_oid" primaryKey="false" notNull="false"/>
    <Column sqlTypeId="4" indexed="unknown" autoIncrement="false" type="INT" size="10" decimalDigits="0" name="reservation_2_oid" primaryKey="false" notNull="false"/>
    <Column sqlTypeId="4" indexed="unknown" autoIncrement="false" type="INT" size="10" decimalDigits="0" name="track_2_oid" primaryKey="false" notNull="false"/>
  </Table>
  <Table schema="" ignoreIndexes="false" name="reservation" type="TABLE" refreshed="true">
    <Column sqlTypeId="4" indexed="unknown" autoIncrement="false" type="INT" size="10" decimalDigits="0" name="oid" primaryKey="true" notNull="true"/>
    <Column sqlTypeId="92" indexed="unknown" autoIncrement="false" type="TIME" size="8" decimalDigits="0" name="start" primaryKey="false" notNull="false"/>
    <Column sqlTypeId="92" indexed="unknown" autoIncrement="false" type="TIME" size="8" decimalDigits="0" name="end" primaryKey="false" notNull="false"/>
    <Column sqlTypeId="91" indexed="unknown" autoIncrement="false" type="DATE" size="10" decimalDigits="0" name="date" primaryKey="false" notNull="false"/>
    <Column sqlTypeId="4" indexed="unknown" autoIncrement="false" type="INT" size="10" decimalDigits="0" name="pilot_oid" primaryKey="false" notNull="false"/>
    <Column sqlTypeId="4" indexed="unknown" autoIncrement="false" type="INT" size="10" decimalDigits="0" name="organizer_oid" primaryKey="false" notNull="false"/>
    <Column sqlTypeId="4" indexed="unknown" autoIncrement="false" type="INT" size="10" decimalDigits="0" name="clerk_oid" primaryKey="false" notNull="false"/>
    <Column sqlTypeId="4" indexed="unknown" autoIncrement="false" type="INT" size="10" decimalDigits="0" name="timetable_oid" primaryKey="false" notNull="false"/>
  </Table>
  <Table schema="" ignoreIndexes="false" name="reservation_2" type="TABLE" refreshed="true">
    <Column sqlTypeId="4" indexed="unknown" autoIncrement="false" type="INT" size="10" decimalDigits="0" name="oid" primaryKey="true" notNull="true"/>
    <Column sqlTypeId="92" indexed="unknown" autoIncrement="false" type="TIME" size="8" decimalDigits="0" name="start" primaryKey="false" notNull="false"/>
    <Column sqlTypeId="92" indexed="unknown" autoIncrement="false" type="TIME" size="8" decimalDigits="0" name="end" primaryKey="false" notNull="false"/>
    <Column sqlTypeId="91" indexed="unknown" autoIncrement="false" type="DATE" size="10" decimalDigits="0" name="date" primaryKey="false" notNull="false"/>
    <Column sqlTypeId="4" indexed="unknown" autoIncrement="false" type="INT" size="10" decimalDigits="0" name="pilot_2_oid" primaryKey="false" notNull="false"/>
    <Column sqlTypeId="4" indexed="unknown" autoIncrement="false" type="INT" size="10" decimalDigits="0" name="organizer_2_oid" primaryKey="false" notNull="false"/>
    <Column sqlTypeId="4" indexed="unknown" autoIncrement="false" type="INT" size="10" decimalDigits="0" name="clerk_2_oid" primaryKey="false" notNull="false"/>
    <Column sqlTypeId="4" indexed="unknown" autoIncrement="false" type="INT" size="10" decimalDigits="0" name="timetable_2_oid" primaryKey="false" notNull="false"/>
  </Table>
  <Table schema="" ignoreIndexes="false" name="review" type="TABLE" refreshed="true">
    <Column sqlTypeId="4" indexed="unknown" autoIncrement="false" type="INT" size="10" decimalDigits="0" name="oid" primaryKey="true" notNull="true"/>
    <Column sqlTypeId="-1" indexed="unknown" autoIncrement="false" type="LONGTEXT" size="2147483647" decimalDigits="0" name="textreview" primaryKey="false" notNull="false"/>
    <Column sqlTypeId="4" indexed="unknown" autoIncrement="false" type="INT" size="10" decimalDigits="0" name="score" primaryKey="false" notNull="false"/>
    <Column sqlTypeId="12" indexed="unknown" autoIncrement="false" type="VARCHAR" size="255" decimalDigits="0" name="reviewtype" primaryKey="false" notNull="false"/>
  </Table>
  <Table schema="" ignoreIndexes="false" name="review_2" type="TABLE" refreshed="true">
    <Column sqlTypeId="4" indexed="unknown" autoIncrement="false" type="INT" size="10" decimalDigits="0" name="oid" primaryKey="true" notNull="true"/>
    <Column sqlTypeId="-1" indexed="unknown" autoIncrement="false" type="LONGTEXT" size="2147483647" decimalDigits="0" name="textreview" primaryKey="false" notNull="false"/>
    <Column sqlTypeId="4" indexed="unknown" autoIncrement="false" type="INT" size="10" decimalDigits="0" name="score" primaryKey="false" notNull="false"/>
    <Column sqlTypeId="12" indexed="unknown" autoIncrement="false" type="VARCHAR" size="255" decimalDigits="0" name="reviewtype" primaryKey="false" notNull="false"/>
  </Table>
  <Table schema="" ignoreIndexes="false" name="reviewscorerange" type="TABLE" refreshed="true">
    <Column sqlTypeId="4" indexed="unknown" autoIncrement="false" type="INT" size="10" decimalDigits="0" name="oid" primaryKey="true" notNull="true"/>
    <Column sqlTypeId="8" indexed="unknown" autoIncrement="false" type="DOUBLE" size="22" decimalDigits="0" name="lowerboundincluded" primaryKey="false" notNull="false"/>
    <Column sqlTypeId="8" indexed="unknown" autoIncrement="false" type="DOUBLE" size="22" decimalDigits="0" name="upperboundexcluded" primaryKey="false" notNull="false"/>
  </Table>
  <Table schema="" ignoreIndexes="false" name="timetable" type="TABLE" refreshed="true">
    <Column sqlTypeId="4" indexed="unknown" autoIncrement="false" type="INT" size="10" decimalDigits="0" name="oid" primaryKey="true" notNull="true"/>
  </Table>
  <Table schema="" ignoreIndexes="false" name="timetable_2" type="TABLE" refreshed="true">
    <Column sqlTypeId="4" indexed="unknown" autoIncrement="false" type="INT" size="10" decimalDigits="0" name="oid" primaryKey="true" notNull="true"/>
  </Table>
  <Table schema="" ignoreIndexes="false" name="track" type="TABLE" refreshed="true">
    <Column sqlTypeId="4" indexed="unknown" autoIncrement="false" type="INT" size="10" decimalDigits="0" name="oid" primaryKey="true" notNull="true"/>
    <Column sqlTypeId="12" indexed="unknown" autoIncrement="false" type="VARCHAR" size="255" decimalDigits="0" name="name" primaryKey="false" notNull="false"/>
    <Column sqlTypeId="4" indexed="unknown" autoIncrement="false" type="INT" size="10" decimalDigits="0" name="length" primaryKey="false" notNull="false"/>
    <Column sqlTypeId="4" indexed="unknown" autoIncrement="false" type="INT" size="10" decimalDigits="0" name="kartingcenter_oid" primaryKey="false" notNull="false"/>
    <Column sqlTypeId="4" indexed="unknown" autoIncrement="false" type="INT" size="10" decimalDigits="0" name="timetable_oid" primaryKey="false" notNull="false"/>
    <Column sqlTypeId="4" indexed="unknown" autoIncrement="false" type="INT" size="10" decimalDigits="0" name="trackdifficulty_oid" primaryKey="false" notNull="false"/>
    <Column sqlTypeId="4" indexed="unknown" autoIncrement="false" type="INT" size="10" decimalDigits="0" name="trackasphalt_oid" primaryKey="false" notNull="false"/>
  </Table>
  <Table schema="" ignoreIndexes="false" name="track_2" type="TABLE" refreshed="true">
    <Column sqlTypeId="4" indexed="unknown" autoIncrement="false" type="INT" size="10" decimalDigits="0" name="oid" primaryKey="true" notNull="true"/>
    <Column sqlTypeId="12" indexed="unknown" autoIncrement="false" type="VARCHAR" size="255" decimalDigits="0" name="name" primaryKey="false" notNull="false"/>
    <Column sqlTypeId="4" indexed="unknown" autoIncrement="false" type="INT" size="10" decimalDigits="0" name="length" primaryKey="false" notNull="false"/>
    <Column sqlTypeId="4" indexed="unknown" autoIncrement="false" type="INT" size="10" decimalDigits="0" name="kartingcenter_2_oid" primaryKey="false" notNull="false"/>
    <Column sqlTypeId="4" indexed="unknown" autoIncrement="false" type="INT" size="10" decimalDigits="0" name="timetable_2_oid" primaryKey="false" notNull="false"/>
    <Column sqlTypeId="4" indexed="unknown" autoIncrement="false" type="INT" size="10" decimalDigits="0" name="trackdifficulty_2_oid" primaryKey="false" notNull="false"/>
    <Column sqlTypeId="4" indexed="unknown" autoIncrement="false" type="INT" size="10" decimalDigits="0" name="trackasphalt_2_oid" primaryKey="false" notNull="false"/>
  </Table>
  <Table schema="" ignoreIndexes="false" name="trackasphalt" type="TABLE" refreshed="true">
    <Column sqlTypeId="4" indexed="unknown" autoIncrement="false" type="INT" size="10" decimalDigits="0" name="oid" primaryKey="true" notNull="true"/>
    <Column sqlTypeId="12" indexed="unknown" autoIncrement="false" type="VARCHAR" size="255" decimalDigits="0" name="asphalttype" primaryKey="false" notNull="false"/>
  </Table>
  <Table schema="" ignoreIndexes="false" name="trackasphalt_2" type="TABLE" refreshed="true">
    <Column sqlTypeId="4" indexed="unknown" autoIncrement="false" type="INT" size="10" decimalDigits="0" name="oid" primaryKey="true" notNull="true"/>
    <Column sqlTypeId="12" indexed="unknown" autoIncrement="false" type="VARCHAR" size="255" decimalDigits="0" name="asphalttype" primaryKey="false" notNull="false"/>
  </Table>
  <Table schema="" ignoreIndexes="false" name="trackdifficulty" type="TABLE" refreshed="true">
    <Column sqlTypeId="4" indexed="unknown" autoIncrement="false" type="INT" size="10" decimalDigits="0" name="oid" primaryKey="true" notNull="true"/>
    <Column sqlTypeId="12" indexed="unknown" autoIncrement="false" type="VARCHAR" size="255" decimalDigits="0" name="difficulty" primaryKey="false" notNull="false"/>
  </Table>
  <Table schema="" ignoreIndexes="false" name="trackdifficulty_2" type="TABLE" refreshed="true">
    <Column sqlTypeId="4" indexed="unknown" autoIncrement="false" type="INT" size="10" decimalDigits="0" name="oid" primaryKey="true" notNull="true"/>
    <Column sqlTypeId="12" indexed="unknown" autoIncrement="false" type="VARCHAR" size="255" decimalDigits="0" name="difficulty" primaryKey="false" notNull="false"/>
  </Table>
  <Table schema="" ignoreIndexes="false" name="tracklengthrange" type="TABLE" refreshed="true">
    <Column sqlTypeId="4" indexed="unknown" autoIncrement="false" type="INT" size="10" decimalDigits="0" name="oid" primaryKey="true" notNull="true"/>
    <Column sqlTypeId="4" indexed="unknown" autoIncrement="false" type="INT" size="10" decimalDigits="0" name="lowerboundincluded" primaryKey="false" notNull="false"/>
    <Column sqlTypeId="4" indexed="unknown" autoIncrement="false" type="INT" size="10" decimalDigits="0" name="upperboundexcluded" primaryKey="false" notNull="false"/>
  </Table>
  <Table schema="" ignoreIndexes="false" name="tracklengthrange_2" type="TABLE" refreshed="true">
    <Column sqlTypeId="4" indexed="unknown" autoIncrement="false" type="INT" size="10" decimalDigits="0" name="oid" primaryKey="true" notNull="true"/>
    <Column sqlTypeId="4" indexed="unknown" autoIncrement="false" type="INT" size="10" decimalDigits="0" name="lowerboundincluded" primaryKey="false" notNull="false"/>
    <Column sqlTypeId="4" indexed="unknown" autoIncrement="false" type="INT" size="10" decimalDigits="0" name="upperboundexcluded" primaryKey="false" notNull="false"/>
  </Table>
  <Table schema="" ignoreIndexes="false" name="trackreview" type="TABLE" refreshed="true">
    <Column sqlTypeId="4" indexed="unknown" autoIncrement="false" type="INT" size="10" decimalDigits="0" name="review_oid" primaryKey="true" notNull="true"/>
    <Column sqlTypeId="4" indexed="unknown" autoIncrement="false" type="INT" size="10" decimalDigits="0" name="pilot_oid" primaryKey="false" notNull="false"/>
    <Column sqlTypeId="4" indexed="unknown" autoIncrement="false" type="INT" size="10" decimalDigits="0" name="track_oid" primaryKey="false" notNull="false"/>
  </Table>
  <Table schema="" ignoreIndexes="false" name="trackreview_2" type="TABLE" refreshed="true">
    <Column sqlTypeId="4" indexed="unknown" autoIncrement="false" type="INT" size="10" decimalDigits="0" name="review_2_oid" primaryKey="true" notNull="true"/>
    <Column sqlTypeId="4" indexed="unknown" autoIncrement="false" type="INT" size="10" decimalDigits="0" name="pilot_2_oid" primaryKey="false" notNull="false"/>
    <Column sqlTypeId="4" indexed="unknown" autoIncrement="false" type="INT" size="10" decimalDigits="0" name="track_2_oid" primaryKey="false" notNull="false"/>
  </Table>
  <Table schema="" ignoreIndexes="false" name="treviewscorerange" type="TABLE" refreshed="true">
    <Column sqlTypeId="4" indexed="unknown" autoIncrement="false" type="INT" size="10" decimalDigits="0" name="oid" primaryKey="true" notNull="true"/>
    <Column sqlTypeId="8" indexed="unknown" autoIncrement="false" type="DOUBLE" size="22" decimalDigits="0" name="lowerboundincluded" primaryKey="false" notNull="false"/>
    <Column sqlTypeId="8" indexed="unknown" autoIncrement="false" type="DOUBLE" size="22" decimalDigits="0" name="upperboundexcluded" primaryKey="false" notNull="false"/>
  </Table>
  <Table schema="" ignoreIndexes="false" name="treviewscorerange_2" type="TABLE" refreshed="true">
    <Column sqlTypeId="4" indexed="unknown" autoIncrement="false" type="INT" size="10" decimalDigits="0" name="oid" primaryKey="true" notNull="true"/>
    <Column sqlTypeId="8" indexed="unknown" autoIncrement="false" type="DOUBLE" size="22" decimalDigits="0" name="lowerboundincluded" primaryKey="false" notNull="false"/>
    <Column sqlTypeId="8" indexed="unknown" autoIncrement="false" type="DOUBLE" size="22" decimalDigits="0" name="upperboundexcluded" primaryKey="false" notNull="false"/>
  </Table>
  <Table schema="" ignoreIndexes="false" name="user" type="TABLE" refreshed="true">
    <Column sqlTypeId="4" indexed="unknown" autoIncrement="false" type="INT" size="10" decimalDigits="0" name="oid" primaryKey="true" notNull="true"/>
    <Column sqlTypeId="12" indexed="unknown" autoIncrement="false" type="VARCHAR" size="255" decimalDigits="0" name="username" primaryKey="false" notNull="false"/>
    <Column sqlTypeId="12" indexed="unknown" autoIncrement="false" type="VARCHAR" size="255" decimalDigits="0" name="password" primaryKey="false" notNull="false"/>
    <Column sqlTypeId="12" indexed="unknown" autoIncrement="false" type="VARCHAR" size="255" decimalDigits="0" name="email" primaryKey="false" notNull="false"/>
    <Column sqlTypeId="12" indexed="unknown" autoIncrement="false" type="VARCHAR" size="255" decimalDigits="0" name="name" primaryKey="false" notNull="false"/>
    <Column sqlTypeId="12" indexed="unknown" autoIncrement="false" type="VARCHAR" size="255" decimalDigits="0" name="surname" primaryKey="false" notNull="false"/>
    <Column sqlTypeId="12" indexed="unknown" autoIncrement="false" type="VARCHAR" size="255" decimalDigits="0" name="address" primaryKey="false" notNull="false"/>
    <Column sqlTypeId="4" indexed="unknown" autoIncrement="false" type="INT" size="10" decimalDigits="0" name="group_oid" primaryKey="false" notNull="false"/>
  </Table>
  <Table schema="" ignoreIndexes="false" name="user_2" type="TABLE" refreshed="true">
    <Column sqlTypeId="4" indexed="unknown" autoIncrement="false" type="INT" size="10" decimalDigits="0" name="oid" primaryKey="true" notNull="true"/>
    <Column sqlTypeId="12" indexed="unknown" autoIncrement="false" type="VARCHAR" size="255" decimalDigits="0" name="username" primaryKey="false" notNull="false"/>
    <Column sqlTypeId="12" indexed="unknown" autoIncrement="false" type="VARCHAR" size="255" decimalDigits="0" name="password" primaryKey="false" notNull="false"/>
    <Column sqlTypeId="12" indexed="unknown" autoIncrement="false" type="VARCHAR" size="255" decimalDigits="0" name="email" primaryKey="false" notNull="false"/>
    <Column sqlTypeId="12" indexed="unknown" autoIncrement="false" type="VARCHAR" size="255" decimalDigits="0" name="name" primaryKey="false" notNull="false"/>
    <Column sqlTypeId="12" indexed="unknown" autoIncrement="false" type="VARCHAR" size="255" decimalDigits="0" name="surname" primaryKey="false" notNull="false"/>
    <Column sqlTypeId="12" indexed="unknown" autoIncrement="false" type="VARCHAR" size="255" decimalDigits="0" name="address" primaryKey="false" notNull="false"/>
    <Column sqlTypeId="4" indexed="unknown" autoIncrement="false" type="INT" size="10" decimalDigits="0" name="group_2_oid" primaryKey="false" notNull="false"/>
  </Table>
  <Table schema="" ignoreIndexes="false" name="user_group" type="TABLE" refreshed="true">
    <Column sqlTypeId="4" indexed="unknown" autoIncrement="false" type="INT" size="10" decimalDigits="0" name="user_oid" primaryKey="true" notNull="true"/>
    <Column sqlTypeId="4" indexed="unknown" autoIncrement="false" type="INT" size="10" decimalDigits="0" name="group_oid" primaryKey="true" notNull="true"/>
  </Table>
  <Table schema="" ignoreIndexes="false" name="user_group_2" type="TABLE" refreshed="true">
    <Column sqlTypeId="4" indexed="unknown" autoIncrement="false" type="INT" size="10" decimalDigits="0" name="user_2_oid" primaryKey="true" notNull="true"/>
    <Column sqlTypeId="4" indexed="unknown" autoIncrement="false" type="INT" size="10" decimalDigits="0" name="group_2_oid" primaryKey="true" notNull="true"/>
  </Table>
  <Table schema="" ignoreIndexes="false" name="citytoevent_view" type="VIEW" refreshed="true">
    <Column sqlTypeId="4" indexed="unknown" autoIncrement="false" type="INT" size="10" decimalDigits="0" name="s_oid" primaryKey="false" notNull="true"/>
    <Column sqlTypeId="4" indexed="unknown" autoIncrement="false" type="INT" size="10" decimalDigits="0" name="T_s_oid" primaryKey="false" notNull="true"/>
    <SQLDefinition>select distinct `AL1`.`oid` AS `s_oid`,`AL3`.`s_oid` AS `T_s_oid` from ((`city_2` `AL1` join `kartingcenter_2` `AL2` on(`AL1`.`oid` = `AL2`.`city_2_oid`)) join `eventtokartingcenter_view` `AL3` on(`AL2`.`oid` = `AL3`.`T_kartingcenter_2_oid`))</SQLDefinition>
  </Table>
  <Table schema="" ignoreIndexes="false" name="controversialevent_view" type="VIEW" refreshed="true">
    <Column sqlTypeId="4" indexed="unknown" autoIncrement="false" type="INT" size="10" decimalDigits="0" name="oid" primaryKey="false" notNull="true"/>
    <SQLDefinition>select distinct `AL1`.`oid` AS `oid` from (((`event_2` `AL1` left join `event_avgreviewscore_view` `AL2` on(`AL1`.`oid` = `AL2`.`oid`)) left join `event_minreviewscore_view` `AL3` on(`AL1`.`oid` = `AL3`.`oid`)) left join `event_maxreviewscore_view` `AL4` on(`AL1`.`oid` = `AL4`.`oid`)) where `AL2`.`der_attr` &gt;= 4 and `AL2`.`der_attr` &lt;= 6 and `AL3`.`der_attr` &lt; 3 and `AL4`.`der_attr` &gt; 7</SQLDefinition>
  </Table>
  <Table schema="" ignoreIndexes="false" name="ereviewscorerangetoevent_view" type="VIEW" refreshed="true">
    <Column sqlTypeId="4" indexed="unknown" autoIncrement="false" type="INT" size="10" decimalDigits="0" name="s_oid" primaryKey="false" notNull="true"/>
    <Column sqlTypeId="4" indexed="unknown" autoIncrement="false" type="INT" size="10" decimalDigits="0" name="t_oid" primaryKey="false" notNull="true"/>
    <SQLDefinition>select `AL1`.`oid` AS `s_oid`,`AL2`.`oid` AS `t_oid` from `ereviewscorerange_2` `AL1` join (`event_2` `AL2` left join `event_avgreviewscore_view` `AL3` on(`AL2`.`oid` = `AL3`.`oid`)) where `AL1`.`lowerboundincluded` &lt;= `AL3`.`der_attr` and `AL1`.`upperboundexcluded` &gt; `AL3`.`der_attr`</SQLDefinition>
  </Table>
  <Table schema="" ignoreIndexes="false" name="event_avgreviewscore_view" type="VIEW" refreshed="true">
    <Column sqlTypeId="4" indexed="unknown" autoIncrement="false" type="INT" size="10" decimalDigits="0" name="oid" primaryKey="false" notNull="true"/>
    <Column sqlTypeId="2" indexed="unknown" autoIncrement="false" type="NUMERIC" size="14" decimalDigits="4" webMLType="decimal" name="der_attr" primaryKey="false" notNull="false"/>
    <SQLDefinition>select `AL1`.`oid` AS `oid`,avg(`AL3`.`score`) AS `der_attr` from ((`event_2` `AL1` left join `eventreview_2` `AL2` on(`AL1`.`oid` = `AL2`.`event_2_oid`)) left join `review_2` `AL3` on(`AL2`.`review_2_oid` = `AL3`.`oid`)) group by `AL1`.`oid`</SQLDefinition>
  </Table>
  <Table schema="" ignoreIndexes="false" name="event_firstdate_view" type="VIEW" refreshed="true">
    <Column sqlTypeId="4" indexed="unknown" autoIncrement="false" type="INT" size="10" decimalDigits="0" name="oid" primaryKey="false" notNull="true"/>
    <Column sqlTypeId="91" indexed="unknown" autoIncrement="false" type="DATE" size="10" decimalDigits="0" name="der_attr" primaryKey="false" notNull="false"/>
    <SQLDefinition>select `AL1`.`oid` AS `oid`,min(`AL2`.`date`) AS `der_attr` from (`event_2` `AL1` left join `race_2` `AL2` on(`AL1`.`oid` = `AL2`.`event_2_oid`)) group by `AL1`.`oid`</SQLDefinition>
  </Table>
  <Table schema="" ignoreIndexes="false" name="event_maxreviewscore_view" type="VIEW" refreshed="true">
    <Column sqlTypeId="4" indexed="unknown" autoIncrement="false" type="INT" size="10" decimalDigits="0" name="oid" primaryKey="false" notNull="true"/>
    <Column sqlTypeId="4" indexed="unknown" autoIncrement="false" type="INT" size="10" decimalDigits="0" name="der_attr" primaryKey="false" notNull="false"/>
    <SQLDefinition>select `AL1`.`oid` AS `oid`,max(`AL3`.`score`) AS `der_attr` from ((`event_2` `AL1` left join `eventreview_2` `AL2` on(`AL1`.`oid` = `AL2`.`event_2_oid`)) left join `review_2` `AL3` on(`AL2`.`review_2_oid` = `AL3`.`oid`)) group by `AL1`.`oid`</SQLDefinition>
  </Table>
  <Table schema="" ignoreIndexes="false" name="event_minreviewscore_view" type="VIEW" refreshed="true">
    <Column sqlTypeId="4" indexed="unknown" autoIncrement="false" type="INT" size="10" decimalDigits="0" name="oid" primaryKey="false" notNull="true"/>
    <Column sqlTypeId="4" indexed="unknown" autoIncrement="false" type="INT" size="10" decimalDigits="0" name="der_attr" primaryKey="false" notNull="false"/>
    <SQLDefinition>select `AL1`.`oid` AS `oid`,min(`AL3`.`score`) AS `der_attr` from ((`event_2` `AL1` left join `eventreview_2` `AL2` on(`AL1`.`oid` = `AL2`.`event_2_oid`)) left join `review_2` `AL3` on(`AL2`.`review_2_oid` = `AL3`.`oid`)) group by `AL1`.`oid`</SQLDefinition>
  </Table>
  <Table schema="" ignoreIndexes="false" name="event_npartecipants_view" type="VIEW" refreshed="true">
    <Column sqlTypeId="4" indexed="unknown" autoIncrement="false" type="INT" size="10" decimalDigits="0" name="oid" primaryKey="false" notNull="true"/>
    <Column sqlTypeId="2" indexed="unknown" autoIncrement="false" type="NUMERIC" size="19" decimalDigits="0" webMLType="decimal" name="der_attr" primaryKey="false" notNull="true"/>
    <SQLDefinition>select `AL1`.`oid` AS `oid`,count(distinct `AL2`.`T_pilot_2_oid`) AS `der_attr` from (`event_2` `AL1` left join `eventconfirmed4pilot_view` `AL2` on(`AL1`.`oid` = `AL2`.`s_oid`)) group by `AL1`.`oid`</SQLDefinition>
  </Table>
  <Table schema="" ignoreIndexes="false" name="event_nraces_view" type="VIEW" refreshed="true">
    <Column sqlTypeId="4" indexed="unknown" autoIncrement="false" type="INT" size="10" decimalDigits="0" name="oid" primaryKey="false" notNull="true"/>
    <Column sqlTypeId="2" indexed="unknown" autoIncrement="false" type="NUMERIC" size="19" decimalDigits="0" webMLType="decimal" name="der_attr" primaryKey="false" notNull="true"/>
    <SQLDefinition>select `AL1`.`oid` AS `oid`,count(distinct `AL2`.`oid`) AS `der_attr` from (`event_2` `AL1` left join `race_2` `AL2` on(`AL1`.`oid` = `AL2`.`event_2_oid`)) group by `AL1`.`oid`</SQLDefinition>
  </Table>
  <Table schema="" ignoreIndexes="false" name="event_nreviews_view" type="VIEW" refreshed="true">
    <Column sqlTypeId="4" indexed="unknown" autoIncrement="false" type="INT" size="10" decimalDigits="0" name="oid" primaryKey="false" notNull="true"/>
    <Column sqlTypeId="2" indexed="unknown" autoIncrement="false" type="NUMERIC" size="19" decimalDigits="0" webMLType="decimal" name="der_attr" primaryKey="false" notNull="true"/>
    <SQLDefinition>select `AL1`.`oid` AS `oid`,count(distinct `AL2`.`review_2_oid`) AS `der_attr` from (`event_2` `AL1` left join `eventreview_2` `AL2` on(`AL1`.`oid` = `AL2`.`event_2_oid`)) group by `AL1`.`oid`</SQLDefinition>
  </Table>
  <Table schema="" ignoreIndexes="false" name="eventconfirmed4pilot_view" type="VIEW" refreshed="true">
    <Column sqlTypeId="4" indexed="unknown" autoIncrement="false" type="INT" size="10" decimalDigits="0" name="s_oid" primaryKey="false" notNull="true"/>
    <Column sqlTypeId="4" indexed="unknown" autoIncrement="false" type="INT" size="10" decimalDigits="0" name="T_pilot_2_oid" primaryKey="false" notNull="false"/>
    <SQLDefinition>select distinct `AL1`.`oid` AS `s_oid`,`AL2`.`pilot_2_oid` AS `T_pilot_2_oid` from (`event_2` `AL1` left join `application_2` `AL2` on(`AL1`.`oid` = `AL2`.`event_2_oid`)) where `AL2`.`confirmed` = '1'</SQLDefinition>
  </Table>
  <Table schema="" ignoreIndexes="false" name="eventtokartingcenter_view" type="VIEW" refreshed="true">
    <Column sqlTypeId="4" indexed="unknown" autoIncrement="false" type="INT" size="10" decimalDigits="0" name="s_oid" primaryKey="false" notNull="true"/>
    <Column sqlTypeId="4" indexed="unknown" autoIncrement="false" type="INT" size="10" decimalDigits="0" name="T_kartingcenter_2_oid" primaryKey="false" notNull="false"/>
    <SQLDefinition>select distinct `AL1`.`oid` AS `s_oid`,`AL3`.`kartingcenter_2_oid` AS `T_kartingcenter_2_oid` from ((`event_2` `AL1` join `race_2` `AL2` on(`AL1`.`oid` = `AL2`.`event_2_oid`)) join `track_2` `AL3` on(`AL2`.`track_2_oid` = `AL3`.`oid`))</SQLDefinition>
  </Table>
  <Table schema="" ignoreIndexes="false" name="eventtotrack_view" type="VIEW" refreshed="true">
    <Column sqlTypeId="4" indexed="unknown" autoIncrement="false" type="INT" size="10" decimalDigits="0" name="s_oid" primaryKey="false" notNull="true"/>
    <Column sqlTypeId="4" indexed="unknown" autoIncrement="false" type="INT" size="10" decimalDigits="0" name="T_track_2_oid" primaryKey="false" notNull="false"/>
    <SQLDefinition>select distinct `AL1`.`oid` AS `s_oid`,`AL2`.`track_2_oid` AS `T_track_2_oid` from (`event_2` `AL1` join `race_2` `AL2` on(`AL1`.`oid` = `AL2`.`event_2_oid`))</SQLDefinition>
  </Table>
  <Table schema="" ignoreIndexes="false" name="kartingcenter_avgreviewscore_v" type="VIEW" refreshed="true">
    <Column sqlTypeId="4" indexed="unknown" autoIncrement="false" type="INT" size="10" decimalDigits="0" name="oid" primaryKey="false" notNull="true"/>
    <Column sqlTypeId="2" indexed="unknown" autoIncrement="false" type="NUMERIC" size="14" decimalDigits="4" webMLType="decimal" name="der_attr" primaryKey="false" notNull="false"/>
    <SQLDefinition>select `AL1`.`oid` AS `oid`,avg(`AL3`.`score`) AS `der_attr` from ((`kartingcenter_2` `AL1` left join `kartingcenterreview_2` `AL2` on(`AL1`.`oid` = `AL2`.`kartingcenter_2_oid`)) left join `review_2` `AL3` on(`AL2`.`review_2_oid` = `AL3`.`oid`)) group by `AL1`.`oid`</SQLDefinition>
  </Table>
  <Table schema="" ignoreIndexes="false" name="kartingcenter_nevents_view" type="VIEW" refreshed="true">
    <Column sqlTypeId="4" indexed="unknown" autoIncrement="false" type="INT" size="10" decimalDigits="0" name="oid" primaryKey="false" notNull="true"/>
    <Column sqlTypeId="2" indexed="unknown" autoIncrement="false" type="NUMERIC" size="42" decimalDigits="0" webMLType="decimal" name="der_attr" primaryKey="false" notNull="false"/>
    <SQLDefinition>select `AL1`.`oid` AS `oid`,sum(`AL3`.`der_attr`) AS `der_attr` from ((`kartingcenter_2` `AL1` left join `track_2` `AL2` on(`AL1`.`oid` = `AL2`.`kartingcenter_2_oid`)) left join `track_nevents_view` `AL3` on(`AL2`.`oid` = `AL3`.`oid`)) group by `AL1`.`oid`</SQLDefinition>
  </Table>
  <Table schema="" ignoreIndexes="false" name="kartingcenter_npilots_view" type="VIEW" refreshed="true">
    <Column sqlTypeId="4" indexed="unknown" autoIncrement="false" type="INT" size="10" decimalDigits="0" name="oid" primaryKey="false" notNull="true"/>
    <Column sqlTypeId="2" indexed="unknown" autoIncrement="false" type="NUMERIC" size="64" decimalDigits="0" webMLType="decimal" name="der_attr" primaryKey="false" notNull="false"/>
    <SQLDefinition>select `AL1`.`oid` AS `oid`,sum(`AL3`.`der_attr`) AS `der_attr` from ((`kartingcenter_2` `AL1` left join `track_2` `AL2` on(`AL1`.`oid` = `AL2`.`kartingcenter_2_oid`)) left join `track_npilots_view` `AL3` on(`AL2`.`oid` = `AL3`.`oid`)) group by `AL1`.`oid`</SQLDefinition>
  </Table>
  <Table schema="" ignoreIndexes="false" name="kartingcenter_nraces_view" type="VIEW" refreshed="true">
    <Column sqlTypeId="4" indexed="unknown" autoIncrement="false" type="INT" size="10" decimalDigits="0" name="oid" primaryKey="false" notNull="true"/>
    <Column sqlTypeId="2" indexed="unknown" autoIncrement="false" type="NUMERIC" size="42" decimalDigits="0" webMLType="decimal" name="der_attr" primaryKey="false" notNull="false"/>
    <SQLDefinition>select `AL1`.`oid` AS `oid`,sum(`AL3`.`der_attr`) AS `der_attr` from ((`kartingcenter_2` `AL1` left join `track_2` `AL2` on(`AL1`.`oid` = `AL2`.`kartingcenter_2_oid`)) left join `track_nraces_view` `AL3` on(`AL2`.`oid` = `AL3`.`oid`)) group by `AL1`.`oid`</SQLDefinition>
  </Table>
  <Table schema="" ignoreIndexes="false" name="kcreviewscorerangetokartingcen" type="VIEW" refreshed="true">
    <Column sqlTypeId="4" indexed="unknown" autoIncrement="false" type="INT" size="10" decimalDigits="0" name="s_oid" primaryKey="false" notNull="true"/>
    <Column sqlTypeId="4" indexed="unknown" autoIncrement="false" type="INT" size="10" decimalDigits="0" name="t_oid" primaryKey="false" notNull="true"/>
    <SQLDefinition>select `AL1`.`oid` AS `s_oid`,`AL2`.`oid` AS `t_oid` from `kcreviewscorerange_2` `AL1` join (`kartingcenter_2` `AL2` left join `kartingcenter_avgreviewscore_v` `AL3` on(`AL2`.`oid` = `AL3`.`oid`)) where `AL1`.`lowerboundincluded` &lt;= `AL3`.`der_attr` and `AL1`.`upperboundexcluded` &gt; `AL3`.`der_attr`</SQLDefinition>
  </Table>
  <Table schema="" ignoreIndexes="false" name="leaderboardtolaptime_view" type="VIEW" refreshed="true">
    <Column sqlTypeId="4" indexed="unknown" autoIncrement="false" type="INT" size="10" decimalDigits="0" name="s_oid" primaryKey="false" notNull="true"/>
    <Column sqlTypeId="4" indexed="unknown" autoIncrement="false" type="INT" size="10" decimalDigits="0" name="T_oid" primaryKey="false" notNull="false"/>
    <SQLDefinition>select distinct `AL1`.`oid` AS `s_oid`,`AL3`.`oid` AS `T_oid` from ((`leaderboard_2` `AL1` left join `race_2` `AL2` on(`AL1`.`track_2_oid` = `AL2`.`track_2_oid`)) left join `laptime_2` `AL3` on(`AL2`.`oid` = `AL3`.`race_2_oid`)) group by `AL1`.`oid`,`AL3`.`oid`,`AL3`.`laptime` having `AL3`.`laptime` &lt;= avg(`AL3`.`laptime`)</SQLDefinition>
  </Table>
  <Table schema="" ignoreIndexes="false" name="neventsrangetokartingcenter_vi" type="VIEW" refreshed="true">
    <Column sqlTypeId="4" indexed="unknown" autoIncrement="false" type="INT" size="10" decimalDigits="0" name="s_oid" primaryKey="false" notNull="true"/>
    <Column sqlTypeId="4" indexed="unknown" autoIncrement="false" type="INT" size="10" decimalDigits="0" name="t_oid" primaryKey="false" notNull="true"/>
    <SQLDefinition>select `AL1`.`oid` AS `s_oid`,`AL2`.`oid` AS `t_oid` from `neventsrange_2` `AL1` join (`kartingcenter_2` `AL2` left join `kartingcenter_nevents_view` `AL3` on(`AL2`.`oid` = `AL3`.`oid`)) where `AL1`.`lowerboundincluded` &lt;= `AL3`.`der_attr` and `AL1`.`upperboundexcluded` &gt; `AL3`.`der_attr`</SQLDefinition>
  </Table>
  <Table schema="" ignoreIndexes="false" name="neventsrangetotrack_view" type="VIEW" refreshed="true">
    <Column sqlTypeId="4" indexed="unknown" autoIncrement="false" type="INT" size="10" decimalDigits="0" name="s_oid" primaryKey="false" notNull="true"/>
    <Column sqlTypeId="4" indexed="unknown" autoIncrement="false" type="INT" size="10" decimalDigits="0" name="t_oid" primaryKey="false" notNull="true"/>
    <SQLDefinition>select `AL1`.`oid` AS `s_oid`,`AL2`.`oid` AS `t_oid` from `neventsrange_2` `AL1` join (`track_2` `AL2` left join `track_nevents_view` `AL3` on(`AL2`.`oid` = `AL3`.`oid`)) where `AL1`.`lowerboundincluded` &lt;= `AL3`.`der_attr` and `AL1`.`upperboundexcluded` &gt; `AL3`.`der_attr`</SQLDefinition>
  </Table>
  <Table schema="" ignoreIndexes="false" name="npilotsrangetokartingcenter_vi" type="VIEW" refreshed="true">
    <Column sqlTypeId="4" indexed="unknown" autoIncrement="false" type="INT" size="10" decimalDigits="0" name="s_oid" primaryKey="false" notNull="true"/>
    <Column sqlTypeId="4" indexed="unknown" autoIncrement="false" type="INT" size="10" decimalDigits="0" name="t_oid" primaryKey="false" notNull="true"/>
    <SQLDefinition>select `AL1`.`oid` AS `s_oid`,`AL2`.`oid` AS `t_oid` from `npilotsrange_2` `AL1` join (`kartingcenter_2` `AL2` left join `kartingcenter_npilots_view` `AL3` on(`AL2`.`oid` = `AL3`.`oid`)) where `AL1`.`lowerboundincluded` &lt;= `AL3`.`der_attr` and `AL1`.`upperboundexcluded` &gt; `AL3`.`der_attr`</SQLDefinition>
  </Table>
  <Table schema="" ignoreIndexes="false" name="npilotsrangetotrack_view" type="VIEW" refreshed="true">
    <Column sqlTypeId="4" indexed="unknown" autoIncrement="false" type="INT" size="10" decimalDigits="0" name="s_oid" primaryKey="false" notNull="true"/>
    <Column sqlTypeId="4" indexed="unknown" autoIncrement="false" type="INT" size="10" decimalDigits="0" name="t_oid" primaryKey="false" notNull="true"/>
    <SQLDefinition>select `AL1`.`oid` AS `s_oid`,`AL2`.`oid` AS `t_oid` from `npilotsrange_2` `AL1` join (`track_2` `AL2` left join `track_npilots_view` `AL3` on(`AL2`.`oid` = `AL3`.`oid`)) where `AL1`.`lowerboundincluded` &lt;= `AL3`.`der_attr` and `AL1`.`upperboundexcluded` &gt; `AL3`.`der_attr`</SQLDefinition>
  </Table>
  <Table schema="" ignoreIndexes="false" name="nracesrangetokartingcenter_vie" type="VIEW" refreshed="true">
    <Column sqlTypeId="4" indexed="unknown" autoIncrement="false" type="INT" size="10" decimalDigits="0" name="s_oid" primaryKey="false" notNull="true"/>
    <Column sqlTypeId="4" indexed="unknown" autoIncrement="false" type="INT" size="10" decimalDigits="0" name="t_oid" primaryKey="false" notNull="true"/>
    <SQLDefinition>select `AL1`.`oid` AS `s_oid`,`AL2`.`oid` AS `t_oid` from `nracesrange_2` `AL1` join (`kartingcenter_2` `AL2` left join `kartingcenter_nraces_view` `AL3` on(`AL2`.`oid` = `AL3`.`oid`)) where `AL1`.`lowerboundincluded` &lt;= `AL3`.`der_attr` and `AL1`.`upperboundexcluded` &gt; `AL3`.`der_attr`</SQLDefinition>
  </Table>
  <Table schema="" ignoreIndexes="false" name="nracesrangetotrack_view" type="VIEW" refreshed="true">
    <Column sqlTypeId="4" indexed="unknown" autoIncrement="false" type="INT" size="10" decimalDigits="0" name="s_oid" primaryKey="false" notNull="true"/>
    <Column sqlTypeId="4" indexed="unknown" autoIncrement="false" type="INT" size="10" decimalDigits="0" name="t_oid" primaryKey="false" notNull="true"/>
    <SQLDefinition>select `AL1`.`oid` AS `s_oid`,`AL2`.`oid` AS `t_oid` from `nracesrange_2` `AL1` join (`track_2` `AL2` left join `track_nraces_view` `AL3` on(`AL2`.`oid` = `AL3`.`oid`)) where `AL1`.`lowerboundincluded` &lt;= `AL3`.`der_attr` and `AL1`.`upperboundexcluded` &gt; `AL3`.`der_attr`</SQLDefinition>
  </Table>
  <Table schema="" ignoreIndexes="false" name="popularevent_view" type="VIEW" refreshed="true">
    <Column sqlTypeId="4" indexed="unknown" autoIncrement="false" type="INT" size="10" decimalDigits="0" name="oid" primaryKey="false" notNull="true"/>
    <SQLDefinition>select distinct `AL1`.`oid` AS `oid` from ((`event_2` `AL1` left join `event_npartecipants_view` `AL2` on(`AL1`.`oid` = `AL2`.`oid`)) left join `event_nreviews_view` `AL3` on(`AL1`.`oid` = `AL3`.`oid`)) where `AL2`.`der_attr` &gt;= 10 and `AL3`.`der_attr` &gt;= 10</SQLDefinition>
  </Table>
  <Table schema="" ignoreIndexes="false" name="pricerangetoevent_view" type="VIEW" refreshed="true">
    <Column sqlTypeId="4" indexed="unknown" autoIncrement="false" type="INT" size="10" decimalDigits="0" name="s_oid" primaryKey="false" notNull="true"/>
    <Column sqlTypeId="4" indexed="unknown" autoIncrement="false" type="INT" size="10" decimalDigits="0" name="t_oid" primaryKey="false" notNull="true"/>
    <SQLDefinition>select `AL1`.`oid` AS `s_oid`,`AL2`.`oid` AS `t_oid` from `pricerange_2` `AL1` join `event_2` `AL2` where `AL1`.`lowerboundincluded` &lt;= `AL2`.`price` and `AL1`.`upperboundexcluded` &gt; `AL2`.`price`</SQLDefinition>
  </Table>
  <Table schema="" ignoreIndexes="false" name="race_fastestlaptime_view" type="VIEW" refreshed="true">
    <Column sqlTypeId="4" indexed="unknown" autoIncrement="false" type="INT" size="10" decimalDigits="0" name="oid" primaryKey="false" notNull="true"/>
    <Column sqlTypeId="2" indexed="unknown" autoIncrement="false" type="NUMERIC" size="19" decimalDigits="2" webMLType="decimal" name="der_attr" primaryKey="false" notNull="false"/>
    <SQLDefinition>select `AL1`.`oid` AS `oid`,min(`AL2`.`laptime`) AS `der_attr` from (`race_2` `AL1` left join `laptime_2` `AL2` on(`AL1`.`oid` = `AL2`.`race_2_oid`)) group by `AL1`.`oid`</SQLDefinition>
  </Table>
  <Table schema="" ignoreIndexes="false" name="race_npartecipants_view" type="VIEW" refreshed="true">
    <Column sqlTypeId="4" indexed="unknown" autoIncrement="false" type="INT" size="10" decimalDigits="0" name="oid" primaryKey="false" notNull="true"/>
    <Column sqlTypeId="2" indexed="unknown" autoIncrement="false" type="NUMERIC" size="19" decimalDigits="0" webMLType="decimal" name="der_attr" primaryKey="false" notNull="true"/>
    <SQLDefinition>select `AL1`.`oid` AS `oid`,count(distinct `AL2`.`pilot_2_oid`) AS `der_attr` from (`race_2` `AL1` left join `participation_2` `AL2` on(`AL1`.`oid` = `AL2`.`race_2_oid`)) group by `AL1`.`oid`</SQLDefinition>
  </Table>
  <Table schema="" ignoreIndexes="false" name="racetofastlap_view" type="VIEW" refreshed="true">
    <Column sqlTypeId="4" indexed="unknown" autoIncrement="false" type="INT" size="10" decimalDigits="0" name="s_oid" primaryKey="false" notNull="true"/>
    <Column sqlTypeId="4" indexed="unknown" autoIncrement="false" type="INT" size="10" decimalDigits="0" name="t_oid" primaryKey="false" notNull="true"/>
    <SQLDefinition>select `AL1`.`oid` AS `s_oid`,`AL2`.`oid` AS `t_oid` from `laptime_2` `AL2` join (`race_2` `AL1` left join `race_fastestlaptime_view` `AL3` on(`AL1`.`oid` = `AL3`.`oid`)) where `AL3`.`der_attr` = `AL2`.`laptime`</SQLDefinition>
  </Table>
  <Table schema="" ignoreIndexes="false" name="reviewscorerangetoevent_view" type="VIEW" refreshed="true">
    <Column sqlTypeId="4" indexed="unknown" autoIncrement="false" type="INT" size="10" decimalDigits="0" name="s_oid" primaryKey="false" notNull="true"/>
    <Column sqlTypeId="4" indexed="unknown" autoIncrement="false" type="INT" size="10" decimalDigits="0" name="t_oid" primaryKey="false" notNull="true"/>
    <SQLDefinition>select `AL1`.`oid` AS `s_oid`,`AL2`.`oid` AS `t_oid` from `reviewscorerange` `AL1` join (`event_2` `AL2` left join `event_avgreviewscore_view` `AL3` on(`AL2`.`oid` = `AL3`.`oid`)) where `AL1`.`lowerboundincluded` &lt;= `AL3`.`der_attr` and `AL1`.`upperboundexcluded` &gt; `AL3`.`der_attr`</SQLDefinition>
  </Table>
  <Table schema="" ignoreIndexes="false" name="reviewscorerangetokartingcente" type="VIEW" refreshed="true">
    <Column sqlTypeId="4" indexed="unknown" autoIncrement="false" type="INT" size="10" decimalDigits="0" name="s_oid" primaryKey="false" notNull="true"/>
    <Column sqlTypeId="4" indexed="unknown" autoIncrement="false" type="INT" size="10" decimalDigits="0" name="t_oid" primaryKey="false" notNull="true"/>
    <SQLDefinition>select `AL1`.`oid` AS `s_oid`,`AL2`.`oid` AS `t_oid` from `reviewscorerange` `AL1` join (`kartingcenter_2` `AL2` left join `kartingcenter_avgreviewscore_v` `AL3` on(`AL2`.`oid` = `AL3`.`oid`)) where `AL1`.`lowerboundincluded` &lt;= `AL3`.`der_attr` and `AL1`.`upperboundexcluded` &gt; `AL3`.`der_attr`</SQLDefinition>
  </Table>
  <Table schema="" ignoreIndexes="false" name="reviewscorerangetotrack_view" type="VIEW" refreshed="true">
    <Column sqlTypeId="4" indexed="unknown" autoIncrement="false" type="INT" size="10" decimalDigits="0" name="s_oid" primaryKey="false" notNull="true"/>
    <Column sqlTypeId="4" indexed="unknown" autoIncrement="false" type="INT" size="10" decimalDigits="0" name="t_oid" primaryKey="false" notNull="true"/>
    <SQLDefinition>select `AL1`.`oid` AS `s_oid`,`AL2`.`oid` AS `t_oid` from `reviewscorerange` `AL1` join (`track_2` `AL2` left join `track_avgreviewscore_view` `AL3` on(`AL2`.`oid` = `AL3`.`oid`)) where `AL1`.`lowerboundincluded` &lt;= `AL3`.`der_attr` and `AL1`.`upperboundexcluded` &gt; `AL3`.`der_attr`</SQLDefinition>
  </Table>
  <Table schema="" ignoreIndexes="false" name="track_avgreviewscore_view" type="VIEW" refreshed="true">
    <Column sqlTypeId="4" indexed="unknown" autoIncrement="false" type="INT" size="10" decimalDigits="0" name="oid" primaryKey="false" notNull="true"/>
    <Column sqlTypeId="2" indexed="unknown" autoIncrement="false" type="NUMERIC" size="14" decimalDigits="4" webMLType="decimal" name="der_attr" primaryKey="false" notNull="false"/>
    <SQLDefinition>select `AL1`.`oid` AS `oid`,avg(`AL3`.`score`) AS `der_attr` from ((`track_2` `AL1` left join `trackreview_2` `AL2` on(`AL1`.`oid` = `AL2`.`track_2_oid`)) left join `review_2` `AL3` on(`AL2`.`review_2_oid` = `AL3`.`oid`)) group by `AL1`.`oid`</SQLDefinition>
  </Table>
  <Table schema="" ignoreIndexes="false" name="track_nevents_view" type="VIEW" refreshed="true">
    <Column sqlTypeId="4" indexed="unknown" autoIncrement="false" type="INT" size="10" decimalDigits="0" name="oid" primaryKey="false" notNull="true"/>
    <Column sqlTypeId="2" indexed="unknown" autoIncrement="false" type="NUMERIC" size="19" decimalDigits="0" webMLType="decimal" name="der_attr" primaryKey="false" notNull="true"/>
    <SQLDefinition>select `AL1`.`oid` AS `oid`,count(distinct `AL2`.`event_2_oid`) AS `der_attr` from (`track_2` `AL1` left join `race_2` `AL2` on(`AL1`.`oid` = `AL2`.`track_2_oid`)) group by `AL1`.`oid`</SQLDefinition>
  </Table>
  <Table schema="" ignoreIndexes="false" name="track_npilots_view" type="VIEW" refreshed="true">
    <Column sqlTypeId="4" indexed="unknown" autoIncrement="false" type="INT" size="10" decimalDigits="0" name="oid" primaryKey="false" notNull="true"/>
    <Column sqlTypeId="2" indexed="unknown" autoIncrement="false" type="NUMERIC" size="42" decimalDigits="0" webMLType="decimal" name="der_attr" primaryKey="false" notNull="false"/>
    <SQLDefinition>select `AL1`.`oid` AS `oid`,sum(`AL3`.`der_attr`) AS `der_attr` from ((`track_2` `AL1` left join `race_2` `AL2` on(`AL1`.`oid` = `AL2`.`track_2_oid`)) left join `race_npartecipants_view` `AL3` on(`AL2`.`oid` = `AL3`.`oid`)) group by `AL1`.`oid`</SQLDefinition>
  </Table>
  <Table schema="" ignoreIndexes="false" name="track_nraces_view" type="VIEW" refreshed="true">
    <Column sqlTypeId="4" indexed="unknown" autoIncrement="false" type="INT" size="10" decimalDigits="0" name="oid" primaryKey="false" notNull="true"/>
    <Column sqlTypeId="2" indexed="unknown" autoIncrement="false" type="NUMERIC" size="19" decimalDigits="0" webMLType="decimal" name="der_attr" primaryKey="false" notNull="true"/>
    <SQLDefinition>select `AL1`.`oid` AS `oid`,count(distinct `AL2`.`oid`) AS `der_attr` from (`track_2` `AL1` left join `race_2` `AL2` on(`AL1`.`oid` = `AL2`.`track_2_oid`)) group by `AL1`.`oid`</SQLDefinition>
  </Table>
  <Table schema="" ignoreIndexes="false" name="track_nrentalgokarts_view" type="VIEW" refreshed="true">
    <Column sqlTypeId="4" indexed="unknown" autoIncrement="false" type="INT" size="10" decimalDigits="0" name="oid" primaryKey="false" notNull="true"/>
    <Column sqlTypeId="2" indexed="unknown" autoIncrement="false" type="NUMERIC" size="19" decimalDigits="0" webMLType="decimal" name="der_attr" primaryKey="false" notNull="true"/>
    <SQLDefinition>select `AL1`.`oid` AS `oid`,count(distinct `AL2`.`oid`) AS `der_attr` from (`track_2` `AL1` left join `gokart_2` `AL2` on(`AL1`.`oid` = `AL2`.`track_2_oid`)) group by `AL1`.`oid`</SQLDefinition>
  </Table>
  <Table schema="" ignoreIndexes="false" name="tracktocity_view" type="VIEW" refreshed="true">
    <Column sqlTypeId="4" indexed="unknown" autoIncrement="false" type="INT" size="10" decimalDigits="0" name="s_oid" primaryKey="false" notNull="true"/>
    <Column sqlTypeId="4" indexed="unknown" autoIncrement="false" type="INT" size="10" decimalDigits="0" name="T_city_2_oid" primaryKey="false" notNull="false"/>
    <SQLDefinition>select distinct `AL1`.`oid` AS `s_oid`,`AL2`.`city_2_oid` AS `T_city_2_oid` from (`track_2` `AL1` join `kartingcenter_2` `AL2` on(`AL1`.`kartingcenter_2_oid` = `AL2`.`oid`))</SQLDefinition>
  </Table>
  <Table schema="" ignoreIndexes="false" name="tracktotracklength_view" type="VIEW" refreshed="true">
    <Column sqlTypeId="4" indexed="unknown" autoIncrement="false" type="INT" size="10" decimalDigits="0" name="s_oid" primaryKey="false" notNull="true"/>
    <Column sqlTypeId="4" indexed="unknown" autoIncrement="false" type="INT" size="10" decimalDigits="0" name="t_oid" primaryKey="false" notNull="true"/>
    <SQLDefinition>select `AL1`.`oid` AS `s_oid`,`AL2`.`oid` AS `t_oid` from `track_2` `AL1` join `tracklengthrange_2` `AL2` where `AL1`.`length` &gt;= `AL2`.`lowerboundincluded` and `AL1`.`length` &lt; `AL2`.`upperboundexcluded`</SQLDefinition>
  </Table>
  <Table schema="" ignoreIndexes="false" name="treviewscorerangetotrack_view" type="VIEW" refreshed="true">
    <Column sqlTypeId="4" indexed="unknown" autoIncrement="false" type="INT" size="10" decimalDigits="0" name="s_oid" primaryKey="false" notNull="true"/>
    <Column sqlTypeId="4" indexed="unknown" autoIncrement="false" type="INT" size="10" decimalDigits="0" name="t_oid" primaryKey="false" notNull="true"/>
    <SQLDefinition>select `AL1`.`oid` AS `s_oid`,`AL2`.`oid` AS `t_oid` from `treviewscorerange_2` `AL1` join (`track_2` `AL2` left join `track_avgreviewscore_view` `AL3` on(`AL2`.`oid` = `AL3`.`oid`)) where `AL1`.`lowerboundincluded` &lt;= `AL3`.`der_attr` and `AL1`.`upperboundexcluded` &gt; `AL3`.`der_attr`</SQLDefinition>
  </Table>
  <Table schema="" ignoreIndexes="false" name="upcomingevent_view" type="VIEW" refreshed="true">
    <Column sqlTypeId="4" indexed="unknown" autoIncrement="false" type="INT" size="10" decimalDigits="0" name="oid" primaryKey="false" notNull="true"/>
    <SQLDefinition>select distinct `AL1`.`oid` AS `oid` from (`event_2` `AL1` left join `event_firstdate_view` `AL2` on(`AL1`.`oid` = `AL2`.`oid`)) group by `AL1`.`oid`,`AL2`.`der_attr` having `AL2`.`der_attr` &gt;= max(`AL2`.`der_attr`)</SQLDefinition>
  </Table>
</DBMetaData>
