<?xml version="1.0" encoding="UTF-8"?>

<Warnings> 
  <Warning xpath="id('password')" rootXPath="/WebProject/DataModel" label="password" tab="mapping"> 
    <Message>Security Warning: the 'password' attribute is not encrypted</Message>  
    <Resolution class="com.webratio.ide.ui.resources.ChangeAttributeResolutionGenerator" attribute="db:cryptAlgorithm" value="com.webratio.rtx.core.PBKDF2WithHmacSHA1CryptImplementation">Set the 'Crypt Algorithm' property to 'PBKDF2WithHmacSHA1'</Resolution> 
  </Warning>  
  <Warning xpath="id('mov1#opm6#opg12#cnu30#oln25')" rootXPath="id('mov1')" key="AUTOMATIC_COUPLING_WITHOUT_EFFECT" label="OKFlow25"> 
    <Message>Neither explicit nor implicit parameters' bindings could be found for the flow 'OKFlow25'</Message>  
    <Resolution class="com.webratio.ide.ui.resources.ChangeAttributeResolutionGenerator" attribute="automaticCoupling" value="">Remove the 'Automatic Coupling' property</Resolution> 
  </Warning>  
  <Warning xpath="id('mov1#opm6#opg12#cnu2#oln27')" rootXPath="id('mov1')" key="AUTOMATIC_COUPLING_WITHOUT_EFFECT" label="OKFlow27"> 
    <Message>Neither explicit nor implicit parameters' bindings could be found for the flow 'OKFlow27'</Message>  
    <Resolution class="com.webratio.ide.ui.resources.ChangeAttributeResolutionGenerator" attribute="automaticCoupling" value="">Remove the 'Automatic Coupling' property</Resolution> 
  </Warning>  
  <Warning xpath="id('sv5#area16#cnu24#oln120')" rootXPath="id('sv5')" key="AUTOMATIC_COUPLING_WITHOUT_EFFECT" label="OKFlow120"> 
    <Message>Neither explicit nor implicit parameters' bindings could be found for the flow 'OKFlow120'</Message>  
    <Resolution class="com.webratio.ide.ui.resources.ChangeAttributeResolutionGenerator" attribute="automaticCoupling" value="">Remove the 'Automatic Coupling' property</Resolution> 
  </Warning>  
  <Warning xpath="id('sv2#area11#cnu26#kln16')" rootXPath="id('sv2')" key="AUTOMATIC_COUPLING_WITHOUT_EFFECT" label="KOFlow16"> 
    <Message>Neither explicit nor implicit parameters' bindings could be found for the flow 'KOFlow16'</Message>  
    <Resolution class="com.webratio.ide.ui.resources.ChangeAttributeResolutionGenerator" attribute="automaticCoupling" value="">Remove the 'Automatic Coupling' property</Resolution> 
  </Warning>  
  <Warning xpath="id('sv2#area11#miu4#kln15')" rootXPath="id('sv2')" key="AUTOMATIC_COUPLING_WITHOUT_EFFECT" label="KOFlow15"> 
    <Message>Neither explicit nor implicit parameters' bindings could be found for the flow 'KOFlow15'</Message>  
    <Resolution class="com.webratio.ide.ui.resources.ChangeAttributeResolutionGenerator" attribute="automaticCoupling" value="">Remove the 'Automatic Coupling' property</Resolution> 
  </Warning>  
  <Warning xpath="id('sv2#area7#opg2#kln13')" rootXPath="id('sv2')" key="AUTOMATIC_COUPLING_WITHOUT_EFFECT" label="KOFlow13"> 
    <Message>Neither explicit nor implicit parameters' bindings could be found for the flow 'KOFlow13'</Message>  
    <Resolution class="com.webratio.ide.ui.resources.ChangeAttributeResolutionGenerator" attribute="automaticCoupling" value="">Remove the 'Automatic Coupling' property</Resolution> 
  </Warning>  
  <Warning xpath="id('sv3#area10#miu5#kln7')" rootXPath="id('sv3')" key="AUTOMATIC_COUPLING_WITHOUT_EFFECT" label="KOFlow7"> 
    <Message>Neither explicit nor implicit parameters' bindings could be found for the flow 'KOFlow7'</Message>  
    <Resolution class="com.webratio.ide.ui.resources.ChangeAttributeResolutionGenerator" attribute="automaticCoupling" value="">Remove the 'Automatic Coupling' property</Resolution> 
  </Warning>  
  <Warning xpath="id('sv3#area10#opg1#kln6')" rootXPath="id('sv3')" key="AUTOMATIC_COUPLING_WITHOUT_EFFECT" label="KOFlow6"> 
    <Message>Neither explicit nor implicit parameters' bindings could be found for the flow 'KOFlow6'</Message>  
    <Resolution class="com.webratio.ide.ui.resources.ChangeAttributeResolutionGenerator" attribute="automaticCoupling" value="">Remove the 'Automatic Coupling' property</Resolution> 
  </Warning>  
  <Warning xpath="id('sv5#area16#seu66#kln51')" rootXPath="id('sv5')" key="AUTOMATIC_COUPLING_WITHOUT_EFFECT" label="KOFlow51"> 
    <Message>Neither explicit nor implicit parameters' bindings could be found for the flow 'KOFlow51'</Message>  
    <Resolution class="com.webratio.ide.ui.resources.ChangeAttributeResolutionGenerator" attribute="automaticCoupling" value="">Remove the 'Automatic Coupling' property</Resolution> 
  </Warning>  
  <Warning xpath="id('sv5#area17#cru5#kln11')" rootXPath="id('sv5')" key="AUTOMATIC_COUPLING_WITHOUT_EFFECT" label="KOFlow11"> 
    <Message>Neither explicit nor implicit parameters' bindings could be found for the flow 'KOFlow11'</Message>  
    <Resolution class="com.webratio.ide.ui.resources.ChangeAttributeResolutionGenerator" attribute="automaticCoupling" value="">Remove the 'Automatic Coupling' property</Resolution> 
  </Warning>  
  <Warning xpath="id('mov1#opm1#opg7#cru20')" rootXPath="id('mov1')" error="false" label="CreateReservation" key="NO_OUTGOING_KO_LINKS"> 
    <Message>No outgoing KO flow(s) for the operation 'CreateReservation'</Message> 
  </Warning>  
  <Warning xpath="id('mov1#opm1#opg7#cnu31')" rootXPath="id('mov1')" error="false" label="Track2Race" key="NO_OUTGOING_KO_LINKS"> 
    <Message>No outgoing KO flow(s) for the operation 'Track2Race'</Message> 
  </Warning>  
  <Warning xpath="id('mov1#opm1#opg7#cnu32')" rootXPath="id('mov1')" error="false" label="Reservation2Race" key="NO_OUTGOING_KO_LINKS"> 
    <Message>No outgoing KO flow(s) for the operation 'Reservation2Race'</Message> 
  </Warning>  
  <Warning xpath="id('mov1#opm1#opg7#cru21')" rootXPath="id('mov1')" error="false" label="Race" key="NO_OUTGOING_KO_LINKS"> 
    <Message>No outgoing KO flow(s) for the operation 'Race'</Message> 
  </Warning>  
  <Warning xpath="id('mov1#opm1#opg7#cnu3')" rootXPath="id('mov1')" error="false" label="Race2Pilots" key="NO_OUTGOING_KO_LINKS"> 
    <Message>No outgoing KO flow(s) for the operation 'Race2Pilots'</Message> 
  </Warning>  
  <Warning xpath="id('mov1#opm1#opg7#mfu6')" rootXPath="id('mov1')" error="false" label="UpdateRace" key="NO_OUTGOING_KO_LINKS"> 
    <Message>No outgoing KO flow(s) for the operation 'UpdateRace'</Message> 
  </Warning>  
  <Warning xpath="id('mov1#opm1#opg7#cnu22')" rootXPath="id('mov1')" error="false" label="Reservation2Timetable" key="NO_OUTGOING_KO_LINKS"> 
    <Message>No outgoing KO flow(s) for the operation 'Reservation2Timetable'</Message> 
  </Warning>  
  <Warning xpath="id('mov1#opm1#opg7#seu4')" rootXPath="id('mov1')" error="false" label="TimetableFromTrack" key="NO_OUTGOING_KO_LINKS"> 
    <Message>No outgoing KO flow(s) for the operation 'TimetableFromTrack'</Message> 
  </Warning>  
  <Warning xpath="id('mov1#opm1#opg7#seu3')" rootXPath="id('mov1')" error="false" label="TimetableFromTrack" key="NO_OUTGOING_KO_LINKS"> 
    <Message>No outgoing KO flow(s) for the operation 'TimetableFromTrack'</Message> 
  </Warning>  
  <Warning xpath="id('mov1#opm1#opg7#mfu10')" rootXPath="id('mov1')" error="false" label="UpdateReservation" key="NO_OUTGOING_KO_LINKS"> 
    <Message>No outgoing KO flow(s) for the operation 'UpdateReservation'</Message> 
  </Warning>  
  <Warning xpath="id('mov1#opm1#opg7#rcnu2')" rootXPath="id('mov1')" error="false" label="Reservation2Timetable" key="NO_OUTGOING_KO_LINKS"> 
    <Message>No outgoing KO flow(s) for the operation 'Reservation2Timetable'</Message> 
  </Warning>  
  <Warning xpath="id('mov1#opm1#opg7#seu50')" rootXPath="id('mov1')" error="false" label="PreviousPilots" key="NO_OUTGOING_KO_LINKS"> 
    <Message>No outgoing KO flow(s) for the operation 'PreviousPilots'</Message> 
  </Warning>  
  <Warning xpath="id('mov1#opm1#opg7#dcnu10')" rootXPath="id('mov1')" error="false" label="Dis_Pilots_from_Race" key="NO_OUTGOING_KO_LINKS"> 
    <Message>No outgoing KO flow(s) for the operation 'Dis_Pilots_from_Race'</Message> 
  </Warning>  
  <Warning xpath="id('mov1#opm1#opg7#cnu16')" rootXPath="id('mov1')" error="false" label="NewPilots_to_Race" key="NO_OUTGOING_KO_LINKS"> 
    <Message>No outgoing KO flow(s) for the operation 'NewPilots_to_Race'</Message> 
  </Warning>  
  <Warning xpath="id('mov1#opm1#opg7#rcnu5')" rootXPath="id('mov1')" error="false" label="Track2Race" key="NO_OUTGOING_KO_LINKS"> 
    <Message>No outgoing KO flow(s) for the operation 'Track2Race'</Message> 
  </Warning>  
  <Warning xpath="id('mov1#opm2#opg3#dcnu15')" rootXPath="id('mov1')" error="false" label="Dis_Races_from_Track" key="NO_OUTGOING_KO_LINKS"> 
    <Message>No outgoing KO flow(s) for the operation 'Dis_Races_from_Track'</Message> 
  </Warning>  
  <Warning xpath="id('mov1#opm2#opg3#seu25')" rootXPath="id('mov1')" error="false" label="RacesTakenInTrack" key="NO_OUTGOING_KO_LINKS"> 
    <Message>No outgoing KO flow(s) for the operation 'RacesTakenInTrack'</Message> 
  </Warning>  
  <Warning xpath="id('mov1#opm2#opg3#dcnu17')" rootXPath="id('mov1')" error="false" label="Dis_KartingCenter_from_Track" key="NO_OUTGOING_KO_LINKS"> 
    <Message>No outgoing KO flow(s) for the operation 'Dis_KartingCenter_from_Track'</Message> 
  </Warning>  
  <Warning xpath="id('mov1#opm2#opg3#seu26')" rootXPath="id('mov1')" error="false" label="TimetableFromTrack" key="NO_OUTGOING_KO_LINKS"> 
    <Message>No outgoing KO flow(s) for the operation 'TimetableFromTrack'</Message> 
  </Warning>  
  <Warning xpath="id('mov1#opm2#opg3#dcnu18')" rootXPath="id('mov1')" error="false" label="Dis_Timetable_from_Reservation" key="NO_OUTGOING_KO_LINKS"> 
    <Message>No outgoing KO flow(s) for the operation 'Dis_Timetable_from_Reservation'</Message> 
  </Warning>  
  <Warning xpath="id('mov1#opm2#opg3#seu27')" rootXPath="id('mov1')" error="false" label="KartingCenterWhereTrackIs" key="NO_OUTGOING_KO_LINKS"> 
    <Message>No outgoing KO flow(s) for the operation 'KartingCenterWhereTrackIs'</Message> 
  </Warning>  
  <Warning xpath="id('mov1#opm2#opg3#seu29')" rootXPath="id('mov1')" error="false" label="Reservations" key="NO_OUTGOING_KO_LINKS"> 
    <Message>No outgoing KO flow(s) for the operation 'Reservations'</Message> 
  </Warning>  
  <Warning xpath="id('mov1#opm2#opg3#dlu11')" rootXPath="id('mov1')" error="false" label="Del_Reservation" key="NO_OUTGOING_KO_LINKS"> 
    <Message>No outgoing KO flow(s) for the operation 'Del_Reservation'</Message> 
  </Warning>  
  <Warning xpath="id('mov1#opm2#opg3#dlu12')" rootXPath="id('mov1')" error="false" label="Del_Timetable" key="NO_OUTGOING_KO_LINKS"> 
    <Message>No outgoing KO flow(s) for the operation 'Del_Timetable'</Message> 
  </Warning>  
  <Warning xpath="id('mov1#opm2#opg3#dcnu19')" rootXPath="id('mov1')" error="false" label="Dis_Track_from_Timetable" key="NO_OUTGOING_KO_LINKS"> 
    <Message>No outgoing KO flow(s) for the operation 'Dis_Track_from_Timetable'</Message> 
  </Warning>  
  <Warning xpath="id('mov1#opm2#opg3#seu19')" rootXPath="id('mov1')" error="false" label="GoKartModelsFromTrack" key="NO_OUTGOING_KO_LINKS"> 
    <Message>No outgoing KO flow(s) for the operation 'GoKartModelsFromTrack'</Message> 
  </Warning>  
  <Warning xpath="id('mov1#opm2#opg3#dcnu7')" rootXPath="id('mov1')" error="false" label="Dis_GoKartModels_from_Track" key="NO_OUTGOING_KO_LINKS"> 
    <Message>No outgoing KO flow(s) for the operation 'Dis_GoKartModels_from_Track'</Message> 
  </Warning>  
  <Warning xpath="id('mov1#opm2#opg3#seu1')" rootXPath="id('mov1')" error="false" label="TrackReviews" key="NO_OUTGOING_KO_LINKS"> 
    <Message>No outgoing KO flow(s) for the operation 'TrackReviews'</Message> 
  </Warning>  
  <Warning xpath="id('mov1#opm2#opg3#dlu1')" rootXPath="id('mov1')" error="false" label="Del_TrackReviews" key="NO_OUTGOING_KO_LINKS"> 
    <Message>No outgoing KO flow(s) for the operation 'Del_TrackReviews'</Message> 
  </Warning>  
  <Warning xpath="id('mov1#opm2#opg3#dlu2')" rootXPath="id('mov1')" error="false" label="Del_Track" key="NO_OUTGOING_KO_LINKS"> 
    <Message>No outgoing KO flow(s) for the operation 'Del_Track'</Message> 
  </Warning>  
  <Warning xpath="id('mov1#opm2#opg3#seu45')" rootXPath="id('mov1')" error="false" label="Leaderboards" key="NO_OUTGOING_KO_LINKS"> 
    <Message>No outgoing KO flow(s) for the operation 'Leaderboards'</Message> 
  </Warning>  
  <Warning xpath="id('mov1#opm2#opg3#dlu7')" rootXPath="id('mov1')" error="false" label="Del_Leaderboards" key="NO_OUTGOING_KO_LINKS"> 
    <Message>No outgoing KO flow(s) for the operation 'Del_Leaderboards'</Message> 
  </Warning>  
  <Warning xpath="id('mov1#opm3#opg5#dcnu11')" rootXPath="id('mov1')" error="false" label="Dis_Races_from_Track" key="NO_OUTGOING_KO_LINKS"> 
    <Message>No outgoing KO flow(s) for the operation 'Dis_Races_from_Track'</Message> 
  </Warning>  
  <Warning xpath="id('mov1#opm3#opg5#seu22')" rootXPath="id('mov1')" error="false" label="GetTrackWhereRaceIs" key="NO_OUTGOING_KO_LINKS"> 
    <Message>No outgoing KO flow(s) for the operation 'GetTrackWhereRaceIs'</Message> 
  </Warning>  
  <Warning xpath="id('mov1#opm3#opg5#dcnu12')" rootXPath="id('mov1')" error="false" label="Dis_Pilots_from_Race" key="NO_OUTGOING_KO_LINKS"> 
    <Message>No outgoing KO flow(s) for the operation 'Dis_Pilots_from_Race'</Message> 
  </Warning>  
  <Warning xpath="id('mov1#opm3#opg5#seu23')" rootXPath="id('mov1')" error="false" label="GetPilotsFromRace" key="NO_OUTGOING_KO_LINKS"> 
    <Message>No outgoing KO flow(s) for the operation 'GetPilotsFromRace'</Message> 
  </Warning>  
  <Warning xpath="id('mov1#opm3#opg5#dlu6')" rootXPath="id('mov1')" error="false" label="Del_Race" key="NO_OUTGOING_KO_LINKS"> 
    <Message>No outgoing KO flow(s) for the operation 'Del_Race'</Message> 
  </Warning>  
  <Warning xpath="id('mov1#opm3#opg5#seu68')" rootXPath="id('mov1')" error="false" label="GetReservation" key="NO_OUTGOING_KO_LINKS"> 
    <Message>No outgoing KO flow(s) for the operation 'GetReservation'</Message> 
  </Warning>  
  <Warning xpath="id('mov1#opm3#opg5#dcnu1')" rootXPath="id('mov1')" error="false" label="Dis_Race_from_Reservation" key="NO_OUTGOING_KO_LINKS"> 
    <Message>No outgoing KO flow(s) for the operation 'Dis_Race_from_Reservation'</Message> 
  </Warning>  
  <Warning xpath="id('mov1#opm3#opg5#dlu3')" rootXPath="id('mov1')" error="false" label="Del_Reservation" key="NO_OUTGOING_KO_LINKS"> 
    <Message>No outgoing KO flow(s) for the operation 'Del_Reservation'</Message> 
  </Warning>  
  <Warning xpath="id('mov1#opm3#opg5#seu28')" rootXPath="id('mov1')" error="false" label="LapTimes" key="NO_OUTGOING_KO_LINKS"> 
    <Message>No outgoing KO flow(s) for the operation 'LapTimes'</Message> 
  </Warning>  
  <Warning xpath="id('mov1#opm3#opg5#dlu5')" rootXPath="id('mov1')" error="false" label="Del_Laptimes" key="NO_OUTGOING_KO_LINKS"> 
    <Message>No outgoing KO flow(s) for the operation 'Del_Laptimes'</Message> 
  </Warning>  
  <Warning xpath="id('mov1#opm3#opg5#seu42')" rootXPath="id('mov1')" error="false" label="Event" key="NO_OUTGOING_KO_LINKS"> 
    <Message>No outgoing KO flow(s) for the operation 'Event'</Message> 
  </Warning>  
  <Warning xpath="id('mov1#opm3#opg5#dcnu9')" rootXPath="id('mov1')" error="false" label="Dis_Race_from_Event" key="NO_OUTGOING_KO_LINKS"> 
    <Message>No outgoing KO flow(s) for the operation 'Dis_Race_from_Event'</Message> 
  </Warning>  
  <Warning xpath="id('mov1#opm4#opg6#dlu17')" rootXPath="id('mov1')" error="false" label="Del_EventReviews_from_Pilot" key="NO_OUTGOING_KO_LINKS"> 
    <Message>No outgoing KO flow(s) for the operation 'Del_EventReviews_from_Pilot'</Message> 
  </Warning>  
  <Warning xpath="id('mov1#opm4#opg6#dlu23')" rootXPath="id('mov1')" error="false" label="Del_TrackReviews_from_Pilot" key="NO_OUTGOING_KO_LINKS"> 
    <Message>No outgoing KO flow(s) for the operation 'Del_TrackReviews_from_Pilot'</Message> 
  </Warning>  
  <Warning xpath="id('mov1#opm4#opg6#dlu25')" rootXPath="id('mov1')" error="false" label="Del_KCReviews_from_Pilot" key="NO_OUTGOING_KO_LINKS"> 
    <Message>No outgoing KO flow(s) for the operation 'Del_KCReviews_from_Pilot'</Message> 
  </Warning>  
  <Warning xpath="id('mov1#opm4#opg6#dlu26')" rootXPath="id('mov1')" error="false" label="Del_Laptimes_from_Pilot" key="NO_OUTGOING_KO_LINKS"> 
    <Message>No outgoing KO flow(s) for the operation 'Del_Laptimes_from_Pilot'</Message> 
  </Warning>  
  <Warning xpath="id('mov1#opm4#opg6#dlu27')" rootXPath="id('mov1')" error="false" label="Del_Reservations_from_Pilot" key="NO_OUTGOING_KO_LINKS"> 
    <Message>No outgoing KO flow(s) for the operation 'Del_Reservations_from_Pilot'</Message> 
  </Warning>  
  <Warning xpath="id('mov1#opm4#opg6#dlu28')" rootXPath="id('mov1')" error="false" label="Del_Applications_from_Pilot" key="NO_OUTGOING_KO_LINKS"> 
    <Message>No outgoing KO flow(s) for the operation 'Del_Applications_from_Pilot'</Message> 
  </Warning>  
  <Warning xpath="id('mov1#opm4#opg6#dcnu16')" rootXPath="id('mov1')" error="false" label="Dis_Races_from_Pilot" key="NO_OUTGOING_KO_LINKS"> 
    <Message>No outgoing KO flow(s) for the operation 'Dis_Races_from_Pilot'</Message> 
  </Warning>  
  <Warning xpath="id('mov1#opm4#opg6#seu37')" rootXPath="id('mov1')" error="false" label="RacesFromPilot" key="NO_OUTGOING_KO_LINKS"> 
    <Message>No outgoing KO flow(s) for the operation 'RacesFromPilot'</Message> 
  </Warning>  
  <Warning xpath="id('mov1#opm4#opg6#dlu29')" rootXPath="id('mov1')" error="false" label="Del_Pilot" key="NO_OUTGOING_KO_LINKS"> 
    <Message>No outgoing KO flow(s) for the operation 'Del_Pilot'</Message> 
  </Warning>  
  <Warning xpath="id('mov1#opm5#opg9#dlu21')" rootXPath="id('mov1')" error="false" label="Del_Applications" key="NO_OUTGOING_KO_LINKS"> 
    <Message>No outgoing KO flow(s) for the operation 'Del_Applications'</Message> 
  </Warning>  
  <Warning xpath="id('mov1#opm5#opg9#dlu30')" rootXPath="id('mov1')" error="false" label="Del_Reviews" key="NO_OUTGOING_KO_LINKS"> 
    <Message>No outgoing KO flow(s) for the operation 'Del_Reviews'</Message> 
  </Warning>  
  <Warning xpath="id('mov1#opm5#opg9#dlu31')" rootXPath="id('mov1')" error="false" label="Dis_Races_from_Event" key="NO_OUTGOING_KO_LINKS"> 
    <Message>No outgoing KO flow(s) for the operation 'Dis_Races_from_Event'</Message> 
  </Warning>  
  <Warning xpath="id('mov1#opm5#opg9#seu47')" rootXPath="id('mov1')" error="false" label="Races" key="NO_OUTGOING_KO_LINKS"> 
    <Message>No outgoing KO flow(s) for the operation 'Races'</Message> 
  </Warning>  
  <Warning xpath="id('mov1#opm5#opg9#dlu32')" rootXPath="id('mov1')" error="false" label="Delete32" key="NO_OUTGOING_KO_LINKS"> 
    <Message>No outgoing KO flow(s) for the operation 'Delete32'</Message> 
  </Warning>  
  <Warning xpath="id('mov1#opm6#opg12#cru9')" rootXPath="id('mov1')" error="false" label="CreateTrack" key="NO_OUTGOING_KO_LINKS"> 
    <Message>No outgoing KO flow(s) for the operation 'CreateTrack'</Message> 
  </Warning>  
  <Warning xpath="id('mov1#opm6#opg12#mfu7')" rootXPath="id('mov1')" error="false" label="UpdateTrack" key="NO_OUTGOING_KO_LINKS"> 
    <Message>No outgoing KO flow(s) for the operation 'UpdateTrack'</Message> 
  </Warning>  
  <Warning xpath="id('mov1#opm6#opg12#cnu30')" rootXPath="id('mov1')" error="false" label="Track2KartingCenter" key="NO_OUTGOING_KO_LINKS"> 
    <Message>No outgoing KO flow(s) for the operation 'Track2KartingCenter'</Message> 
  </Warning>  
  <Warning xpath="id('mov1#opm6#opg12#cnu33')" rootXPath="id('mov1')" error="false" label="TrackToGoKartModels" key="NO_OUTGOING_KO_LINKS"> 
    <Message>No outgoing KO flow(s) for the operation 'TrackToGoKartModels'</Message> 
  </Warning>  
  <Warning xpath="id('mov1#opm6#opg12#cnu34')" rootXPath="id('mov1')" error="false" label="TrackToGoKartModels" key="NO_OUTGOING_KO_LINKS"> 
    <Message>No outgoing KO flow(s) for the operation 'TrackToGoKartModels'</Message> 
  </Warning>  
  <Warning xpath="id('mov1#opm6#opg12#cnu2')" rootXPath="id('mov1')" error="false" label="Track2KartingCenter" key="NO_OUTGOING_KO_LINKS"> 
    <Message>No outgoing KO flow(s) for the operation 'Track2KartingCenter'</Message> 
  </Warning>  
  <Warning xpath="id('mov1#opm6#opg12#cru7')" rootXPath="id('mov1')" error="false" label="Timetable" key="NO_OUTGOING_KO_LINKS"> 
    <Message>No outgoing KO flow(s) for the operation 'Timetable'</Message> 
  </Warning>  
  <Warning xpath="id('mov1#opm6#opg12#cnu15')" rootXPath="id('mov1')" error="false" label="Timetable2Track" key="NO_OUTGOING_KO_LINKS"> 
    <Message>No outgoing KO flow(s) for the operation 'Timetable2Track'</Message> 
  </Warning>  
  <Warning xpath="id('sv1#lgu1')" rootXPath="id('sv1')" error="false" label="LoginPort" key="NO_OUTGOING_OK_LINKS"> 
    <Message>No outgoing OK flow(s) for the operation 'LoginPort'</Message> 
  </Warning>  
  <Warning xpath="id('sv1#area2#miu1')" rootXPath="id('sv1')" error="false" label="Access2Tracks" key="NO_OUTGOING_KO_LINKS"> 
    <Message>No outgoing KO flow(s) for the operation 'Access2Tracks'</Message> 
  </Warning>  
  <Warning xpath="id('sv1#area3#miu3')" rootXPath="id('sv1')" error="false" label="sv1#area3#miu3" key="NO_OUTGOING_KO_LINKS"> 
    <Message>No outgoing KO flow(s) for the operation 'sv1#area3#miu3'</Message> 
  </Warning>  
  <Warning xpath="id('sv1#area4#miu2')" rootXPath="id('sv1')" error="false" label="sv1#area4#miu2" key="NO_OUTGOING_KO_LINKS"> 
    <Message>No outgoing KO flow(s) for the operation 'sv1#area4#miu2'</Message> 
  </Warning>  
  <Warning xpath="id('sv2#area11#miu14')" rootXPath="id('sv2')" error="false" label="sv2#area11#miu14" key="NO_OUTGOING_KO_LINKS"> 
    <Message>No outgoing KO flow(s) for the operation 'sv2#area11#miu14'</Message> 
  </Warning>  
  <Warning error="false" xpath="id('sv2#area5#lou1')" rootXPath="id('sv2')" key="" label="PilotLogout"> 
    <Message>Security Warning: the Logout operation 'PilotLogout' does not have the 'Invalidate Session' flag enabled.</Message>  
    <Resolution message="Set Invalidate Session" class="com.webratio.ide.ui.resources.ChangeAttributeResolutionGenerator" attribute="invalidateSession" value="true">Set Invalidate Session</Resolution> 
  </Warning>  
  <Warning xpath="id('sv2#area6#opg18#cru2')" rootXPath="id('sv2')" error="false" label="CreateKCReview" key="NO_OUTGOING_KO_LINKS"> 
    <Message>No outgoing KO flow(s) for the operation 'CreateKCReview'</Message> 
  </Warning>  
  <Warning xpath="id('sv2#area6#opg18#cnu7')" rootXPath="id('sv2')" error="false" label="KCReview2Pilot" key="NO_OUTGOING_KO_LINKS"> 
    <Message>No outgoing KO flow(s) for the operation 'KCReview2Pilot'</Message> 
  </Warning>  
  <Warning xpath="id('sv2#area6#opg18#cnu9')" rootXPath="id('sv2')" error="false" label="KCReview2KartingCenter" key="NO_OUTGOING_KO_LINKS"> 
    <Message>No outgoing KO flow(s) for the operation 'KCReview2KartingCenter'</Message> 
  </Warning>  
  <Warning xpath="id('sv2#area6#opg19#cru4')" rootXPath="id('sv2')" error="false" label="CreateTrackReview" key="NO_OUTGOING_KO_LINKS"> 
    <Message>No outgoing KO flow(s) for the operation 'CreateTrackReview'</Message> 
  </Warning>  
  <Warning xpath="id('sv2#area6#opg19#cnu10')" rootXPath="id('sv2')" error="false" label="TrackReview2Pilot" key="NO_OUTGOING_KO_LINKS"> 
    <Message>No outgoing KO flow(s) for the operation 'TrackReview2Pilot'</Message> 
  </Warning>  
  <Warning xpath="id('sv2#area6#opg19#cnu12')" rootXPath="id('sv2')" error="false" label="TrackReviewToTrack" key="NO_OUTGOING_KO_LINKS"> 
    <Message>No outgoing KO flow(s) for the operation 'TrackReviewToTrack'</Message> 
  </Warning>  
  <Warning xpath="id('sv2#area7#opg2#cru3')" rootXPath="id('sv2')" error="false" label="CreateApplication" key="NO_OUTGOING_KO_LINKS"> 
    <Message>No outgoing KO flow(s) for the operation 'CreateApplication'</Message> 
  </Warning>  
  <Warning xpath="id('sv2#area7#opg2#cnu5')" rootXPath="id('sv2')" error="false" label="Application2Pilot" key="NO_OUTGOING_KO_LINKS"> 
    <Message>No outgoing KO flow(s) for the operation 'Application2Pilot'</Message> 
  </Warning>  
  <Warning xpath="id('sv2#area7#opg2#cnu6')" rootXPath="id('sv2')" error="false" label="Application2Event" key="NO_OUTGOING_KO_LINKS"> 
    <Message>No outgoing KO flow(s) for the operation 'Application2Event'</Message> 
  </Warning>  
  <Warning xpath="id('sv2#area7#opg21#cru1')" rootXPath="id('sv2')" error="false" label="EventReview" key="NO_OUTGOING_KO_LINKS"> 
    <Message>No outgoing KO flow(s) for the operation 'EventReview'</Message> 
  </Warning>  
  <Warning xpath="id('sv2#area7#opg21#cnu4')" rootXPath="id('sv2')" error="false" label="EReview2Pilot" key="NO_OUTGOING_KO_LINKS"> 
    <Message>No outgoing KO flow(s) for the operation 'EReview2Pilot'</Message> 
  </Warning>  
  <Warning xpath="id('sv2#area7#opg21#cnu8')" rootXPath="id('sv2')" error="false" label="EReview2Event" key="NO_OUTGOING_KO_LINKS"> 
    <Message>No outgoing KO flow(s) for the operation 'EReview2Event'</Message> 
  </Warning>  
  <Warning error="false" xpath="id('sv3#area10#switch1')" rootXPath="id('sv3')" key="MISSING_NO_CODE_OK_LINK" label="Switch1"> 
    <Message>No default OK flow is specified for the component 'Switch1'</Message> 
  </Warning>  
  <Warning xpath="id('sv3#area10#miu9')" rootXPath="id('sv3')" error="false" label="sv3#area10#miu9" key="NO_OUTGOING_KO_LINKS"> 
    <Message>No outgoing KO flow(s) for the operation 'sv3#area10#miu9'</Message> 
  </Warning>  
  <Warning xpath="id('sv3#area10#miu15')" rootXPath="id('sv3')" error="false" label="sv3#area10#miu15" key="NO_OUTGOING_KO_LINKS"> 
    <Message>No outgoing KO flow(s) for the operation 'sv3#area10#miu15'</Message> 
  </Warning>  
  <Warning xpath="id('sv3#area10#opg4#cnu17')" rootXPath="id('sv3')" error="false" label="Organizer2Event" key="NO_OUTGOING_KO_LINKS"> 
    <Message>No outgoing KO flow(s) for the operation 'Organizer2Event'</Message> 
  </Warning>  
  <Warning xpath="id('sv3#area10#opg4#cnu18')" rootXPath="id('sv3')" error="false" label="Event2Races" key="NO_OUTGOING_KO_LINKS"> 
    <Message>No outgoing KO flow(s) for the operation 'Event2Races'</Message> 
  </Warning>  
  <Warning xpath="id('sv3#area10#opg4#cru10')" rootXPath="id('sv3')" error="false" label="CreateEvent" key="NO_OUTGOING_KO_LINKS"> 
    <Message>No outgoing KO flow(s) for the operation 'CreateEvent'</Message> 
  </Warning>  
  <Warning xpath="id('sv3#area10#opg4#mfu5')" rootXPath="id('sv3')" error="false" label="UpdateEvent" key="NO_OUTGOING_KO_LINKS"> 
    <Message>No outgoing KO flow(s) for the operation 'UpdateEvent'</Message> 
  </Warning>  
  <Warning xpath="id('sv3#area10#opg4#cnu11')" rootXPath="id('sv3')" error="false" label="Event2Races" key="NO_OUTGOING_KO_LINKS"> 
    <Message>No outgoing KO flow(s) for the operation 'Event2Races'</Message> 
  </Warning>  
  <Warning xpath="id('sv3#area10#opg4#cnu14')" rootXPath="id('sv3')" error="false" label="Event2EventCategory" key="NO_OUTGOING_KO_LINKS"> 
    <Message>No outgoing KO flow(s) for the operation 'Event2EventCategory'</Message> 
  </Warning>  
  <Warning xpath="id('sv3#area10#opg4#dcnu8')" rootXPath="id('sv3')" error="false" label="UnlinkRaces" key="NO_OUTGOING_KO_LINKS"> 
    <Message>No outgoing KO flow(s) for the operation 'UnlinkRaces'</Message> 
  </Warning>  
  <Warning xpath="id('sv3#area10#opg4#seu46')" rootXPath="id('sv3')" error="false" label="CurrentRaces" key="NO_OUTGOING_KO_LINKS"> 
    <Message>No outgoing KO flow(s) for the operation 'CurrentRaces'</Message> 
  </Warning>  
  <Warning xpath="id('sv3#area10#opg1#mfu3')" rootXPath="id('sv3')" error="false" label="ConfirmApplication" key="NO_OUTGOING_KO_LINKS"> 
    <Message>No outgoing KO flow(s) for the operation 'ConfirmApplication'</Message> 
  </Warning>  
  <Warning xpath="id('sv3#area10#opg1#cnu13')" rootXPath="id('sv3')" error="false" label="Pilot2Races" key="NO_OUTGOING_KO_LINKS"> 
    <Message>No outgoing KO flow(s) for the operation 'Pilot2Races'</Message> 
  </Warning>  
  <Warning xpath="id('sv3#area10#opg1#seu40')" rootXPath="id('sv3')" error="false" label="Races" key="NO_OUTGOING_KO_LINKS"> 
    <Message>No outgoing KO flow(s) for the operation 'Races'</Message> 
  </Warning>  
  <Warning xpath="id('sv3#area10#opg1#seu41')" rootXPath="id('sv3')" error="false" label="PilotAsking" key="NO_OUTGOING_KO_LINKS"> 
    <Message>No outgoing KO flow(s) for the operation 'PilotAsking'</Message> 
  </Warning>  
  <Warning error="false" xpath="id('sv3#area8#lou2')" rootXPath="id('sv3')" key="" label="OrganizerLogout"> 
    <Message>Security Warning: the Logout operation 'OrganizerLogout' does not have the 'Invalidate Session' flag enabled.</Message>  
    <Resolution message="Set Invalidate Session" class="com.webratio.ide.ui.resources.ChangeAttributeResolutionGenerator" attribute="invalidateSession" value="true">Set Invalidate Session</Resolution> 
  </Warning>  
  <Warning error="false" xpath="id('sv4#area12#lou5')" rootXPath="id('sv4')" key="" label="Logout"> 
    <Message>Security Warning: the Logout operation 'Logout' does not have the 'Invalidate Session' flag enabled.</Message>  
    <Resolution message="Set Invalidate Session" class="com.webratio.ide.ui.resources.ChangeAttributeResolutionGenerator" attribute="invalidateSession" value="true">Set Invalidate Session</Resolution> 
  </Warning>  
  <Warning xpath="id('sv5#area15#miu6')" rootXPath="id('sv5')" error="false" label="sv5#area15#miu6" key="NO_OUTGOING_OK_LINKS"> 
    <Message>No outgoing OK flow(s) for the operation 'sv5#area15#miu6'</Message> 
  </Warning>  
  <Warning error="false" xpath="id('sv5#area9#lou3')" rootXPath="id('sv5')" key="" label="Logout"> 
    <Message>Security Warning: the Logout operation 'Logout' does not have the 'Invalidate Session' flag enabled.</Message>  
    <Resolution message="Set Invalidate Session" class="com.webratio.ide.ui.resources.ChangeAttributeResolutionGenerator" attribute="invalidateSession" value="true">Set Invalidate Session</Resolution> 
  </Warning>  
  <Warning error="false" xpath="id('sv6#area18#lou4')" rootXPath="id('sv6')" key="" label="AdminLogout"> 
    <Message>Security Warning: the Logout operation 'AdminLogout' does not have the 'Invalidate Session' flag enabled.</Message>  
    <Resolution message="Set Invalidate Session" class="com.webratio.ide.ui.resources.ChangeAttributeResolutionGenerator" attribute="invalidateSession" value="true">Set Invalidate Session</Resolution> 
  </Warning>  
  <Warning xpath="id('sv6#area21#opg13#seu67')" rootXPath="id('sv6')" error="false" label="KCInCity" key="NO_OUTGOING_KO_LINKS"> 
    <Message>No outgoing KO flow(s) for the operation 'KCInCity'</Message> 
  </Warning>  
  <Warning xpath="id('sv6#area21#opg13#dlu15')" rootXPath="id('sv6')" error="false" label="Del_City" key="NO_OUTGOING_KO_LINKS"> 
    <Message>No outgoing KO flow(s) for the operation 'Del_City'</Message> 
  </Warning>  
  <Warning xpath="id('sv6#area21#opg13#dcnu35')" rootXPath="id('sv6')" error="false" label="Dis_KCs_from_City" key="NO_OUTGOING_KO_LINKS"> 
    <Message>No outgoing KO flow(s) for the operation 'Dis_KCs_from_City'</Message> 
  </Warning>  
  <Warning xpath="id('sv6#area21#opg14#cru15')" rootXPath="id('sv6')" error="false" label="CreateKartingCenter" key="NO_OUTGOING_KO_LINKS"> 
    <Message>No outgoing KO flow(s) for the operation 'CreateKartingCenter'</Message> 
  </Warning>  
  <Warning xpath="id('sv6#area21#opg14#cnu37')" rootXPath="id('sv6')" error="false" label="KC_to_KCadmin" key="NO_OUTGOING_KO_LINKS"> 
    <Message>No outgoing KO flow(s) for the operation 'KC_to_KCadmin'</Message> 
  </Warning>  
  <Warning xpath="id('sv6#area21#opg14#cnu38')" rootXPath="id('sv6')" error="false" label="KC_to_City" key="NO_OUTGOING_KO_LINKS"> 
    <Message>No outgoing KO flow(s) for the operation 'KC_to_City'</Message> 
  </Warning>  
  <Warning xpath="id('sv6#area21#opg14#mfu11')" rootXPath="id('sv6')" error="false" label="UpdateKartingCenter" key="NO_OUTGOING_KO_LINKS"> 
    <Message>No outgoing KO flow(s) for the operation 'UpdateKartingCenter'</Message> 
  </Warning>  
  <Warning xpath="id('sv6#area21#opg15#dcnu38')" rootXPath="id('sv6')" error="false" label="Dis_Clerks_from_KC" key="NO_OUTGOING_KO_LINKS"> 
    <Message>No outgoing KO flow(s) for the operation 'Dis_Clerks_from_KC'</Message> 
  </Warning>  
  <Warning xpath="id('sv6#area21#opg15#seu74')" rootXPath="id('sv6')" error="false" label="Tracks" key="NO_OUTGOING_KO_LINKS"> 
    <Message>No outgoing KO flow(s) for the operation 'Tracks'</Message> 
  </Warning>  
  <Warning xpath="id('sv6#area21#opg15#dcnu39')" rootXPath="id('sv6')" error="false" label="Dis_Tracks_from_KC" key="NO_OUTGOING_KO_LINKS"> 
    <Message>No outgoing KO flow(s) for the operation 'Dis_Tracks_from_KC'</Message> 
  </Warning>  
  <Warning xpath="id('sv6#area21#opg15#seu75')" rootXPath="id('sv6')" error="false" label="Clerks" key="NO_OUTGOING_KO_LINKS"> 
    <Message>No outgoing KO flow(s) for the operation 'Clerks'</Message> 
  </Warning>  
  <Warning xpath="id('sv6#area21#opg15#dlu22')" rootXPath="id('sv6')" error="false" label="Del_KCReview" key="NO_OUTGOING_KO_LINKS"> 
    <Message>No outgoing KO flow(s) for the operation 'Del_KCReview'</Message> 
  </Warning>  
  <Warning xpath="id('sv6#area21#opg15#seu76')" rootXPath="id('sv6')" error="false" label="KCReviews" key="NO_OUTGOING_KO_LINKS"> 
    <Message>No outgoing KO flow(s) for the operation 'KCReviews'</Message> 
  </Warning>  
  <Warning xpath="id('sv6#area21#opg15#dlu4')" rootXPath="id('sv6')" error="false" label="Del_KartingCenter" key="NO_OUTGOING_KO_LINKS"> 
    <Message>No outgoing KO flow(s) for the operation 'Del_KartingCenter'</Message> 
  </Warning>  
  <Warning xpath="id('sv6#area22#opg17#dcnu43')" rootXPath="id('sv6')" error="false" label="Dis_KCs_from_KCadmin" key="NO_OUTGOING_KO_LINKS"> 
    <Message>No outgoing KO flow(s) for the operation 'Dis_KCs_from_KCadmin'</Message> 
  </Warning>  
  <Warning xpath="id('sv6#area22#opg17#dlu24')" rootXPath="id('sv6')" error="false" label="Del_KCadmin" key="NO_OUTGOING_KO_LINKS"> 
    <Message>No outgoing KO flow(s) for the operation 'Del_KCadmin'</Message> 
  </Warning>  
  <Warning xpath="id('sv6#area22#opg17#seu82')" rootXPath="id('sv6')" error="false" label="KCs" key="NO_OUTGOING_KO_LINKS"> 
    <Message>No outgoing KO flow(s) for the operation 'KCs'</Message> 
  </Warning>  
  <Warning xpath="id('sv6#area22#opg16#cnu41')" rootXPath="id('sv6')" error="false" label="KCs_to_KCadmin" key="NO_OUTGOING_KO_LINKS"> 
    <Message>No outgoing KO flow(s) for the operation 'KCs_to_KCadmin'</Message> 
  </Warning>  
  <Warning xpath="id('sv6#area22#opg16#cnu42')" rootXPath="id('sv6')" error="false" label="NewKCs_to_KCadmin" key="NO_OUTGOING_KO_LINKS"> 
    <Message>No outgoing KO flow(s) for the operation 'NewKCs_to_KCadmin'</Message> 
  </Warning>  
  <Warning xpath="id('sv6#area22#opg16#mfu13')" rootXPath="id('sv6')" error="false" label="UpdateKCAdmin" key="NO_OUTGOING_KO_LINKS"> 
    <Message>No outgoing KO flow(s) for the operation 'UpdateKCAdmin'</Message> 
  </Warning>  
  <Warning xpath="id('sv6#area22#opg16#dcnu41')" rootXPath="id('sv6')" error="false" label="DisCurrKCs_from_KCadmin" key="NO_OUTGOING_KO_LINKS"> 
    <Message>No outgoing KO flow(s) for the operation 'DisCurrKCs_from_KCadmin'</Message> 
  </Warning>  
  <Warning xpath="id('sv6#area22#opg16#cru17')" rootXPath="id('sv6')" error="false" label="CreateKCadmin" key="NO_OUTGOING_KO_LINKS"> 
    <Message>No outgoing KO flow(s) for the operation 'CreateKCadmin'</Message> 
  </Warning>  
  <Warning xpath="id('sv6#area22#opg16#seu80')" rootXPath="id('sv6')" error="false" label="CurrentKCs" key="NO_OUTGOING_KO_LINKS"> 
    <Message>No outgoing KO flow(s) for the operation 'CurrentKCs'</Message> 
  </Warning>  
  <Warning error="false" xpath="id('mov1#ctm1#hinu5')" rootXPath="id('mov1')" key="UNSPECIFIED_SORTING_ATTRIBUTE" label="KC_Tracks"> 
    <Message>Sorting attribute are unspecified for the component 'KC_Tracks'</Message> 
  </Warning>  
  <Warning error="false" xpath="id('mov1#ctm1#hinu5#hiulvl5')" rootXPath="id('mov1')" key="UNSPECIFIED_SORTING_ATTRIBUTE" label="L1KC"> 
    <Message>Sorting attribute are unspecified for the component 'L1KC'</Message> 
  </Warning>  
  <Warning error="false" xpath="id('mov1#hym1#page12#inu15')" rootXPath="id('mov1')" key="UNSPECIFIED_SORTING_ATTRIBUTE" label="ListAsphalts"> 
    <Message>Sorting attribute are unspecified for the component 'ListAsphalts'</Message> 
  </Warning>  
  <Warning error="false" xpath="id('mov1#hym1#page12#mciu2')" rootXPath="id('mov1')" key="UNSPECIFIED_SORTING_ATTRIBUTE" label="CheckDifficulties"> 
    <Message>Sorting attribute are unspecified for the component 'CheckDifficulties'</Message> 
  </Warning>  
  <Warning error="false" xpath="id('mov1#hym1#page12#inu16')" rootXPath="id('mov1')" key="UNSPECIFIED_SORTING_ATTRIBUTE" label="ListRangesLengths"> 
    <Message>Sorting attribute are unspecified for the component 'ListRangesLengths'</Message> 
  </Warning>  
  <Warning error="false" xpath="id('mov1#hym1#page12#inu17')" rootXPath="id('mov1')" key="UNSPECIFIED_SORTING_ATTRIBUTE" label="ListReviewScoreRanges"> 
    <Message>Sorting attribute are unspecified for the component 'ListReviewScoreRanges'</Message> 
  </Warning>  
  <Warning error="false" xpath="id('mov1#hym1#page12#inu18')" rootXPath="id('mov1')" key="UNSPECIFIED_SORTING_ATTRIBUTE" label="ListCities"> 
    <Message>Sorting attribute are unspecified for the component 'ListCities'</Message> 
  </Warning>  
  <Warning error="false" xpath="id('mov1#hym1#page12#inu19')" rootXPath="id('mov1')" key="UNSPECIFIED_SORTING_ATTRIBUTE" label="ListNPilots"> 
    <Message>Sorting attribute are unspecified for the component 'ListNPilots'</Message> 
  </Warning>  
  <Warning error="false" xpath="id('mov1#hym1#page12#inu20')" rootXPath="id('mov1')" key="UNSPECIFIED_SORTING_ATTRIBUTE" label="ListNRaces"> 
    <Message>Sorting attribute are unspecified for the component 'ListNRaces'</Message> 
  </Warning>  
  <Warning error="false" xpath="id('mov1#hym1#page12#inu21')" rootXPath="id('mov1')" key="UNSPECIFIED_SORTING_ATTRIBUTE" label="ListNEvents"> 
    <Message>Sorting attribute are unspecified for the component 'ListNEvents'</Message> 
  </Warning>  
  <Warning error="false" xpath="id('mov1#hym1#page12#inu22')" rootXPath="id('mov1')" key="UNSPECIFIED_SORTING_ATTRIBUTE" label="ListPopularTracks"> 
    <Message>Sorting attribute are unspecified for the component 'ListPopularTracks'</Message> 
  </Warning>  
  <Warning error="false" xpath="id('mov1#hym1#page12#inu23')" rootXPath="id('mov1')" key="UNSPECIFIED_SORTING_ATTRIBUTE" label="ListKartModels"> 
    <Message>Sorting attribute are unspecified for the component 'ListKartModels'</Message> 
  </Warning>  
  <Warning error="false" xpath="id('mov1#hym1#page11#inu14')" rootXPath="id('mov1')" key="UNSPECIFIED_SORTING_ATTRIBUTE" label="ListTracks"> 
    <Message>Sorting attribute are unspecified for the component 'ListTracks'</Message> 
  </Warning>  
  <Warning error="false" xpath="id('mov1#hym2#page14#inu10')" rootXPath="id('mov1')" key="UNSPECIFIED_SORTING_ATTRIBUTE" label="ListKartCenters"> 
    <Message>Sorting attribute are unspecified for the component 'ListKartCenters'</Message> 
  </Warning>  
  <Warning error="false" xpath="id('mov1#hym2#page9#inu2')" rootXPath="id('mov1')" key="UNSPECIFIED_SORTING_ATTRIBUTE" label="ListNPilots"> 
    <Message>Sorting attribute are unspecified for the component 'ListNPilots'</Message> 
  </Warning>  
  <Warning error="false" xpath="id('mov1#hym2#page9#inu3')" rootXPath="id('mov1')" key="UNSPECIFIED_SORTING_ATTRIBUTE" label="ListNRaces"> 
    <Message>Sorting attribute are unspecified for the component 'ListNRaces'</Message> 
  </Warning>  
  <Warning error="false" xpath="id('mov1#hym2#page9#inu7')" rootXPath="id('mov1')" key="UNSPECIFIED_SORTING_ATTRIBUTE" label="ListNEvents"> 
    <Message>Sorting attribute are unspecified for the component 'ListNEvents'</Message> 
  </Warning>  
  <Warning error="false" xpath="id('mov1#hym2#page9#inu8')" rootXPath="id('mov1')" key="UNSPECIFIED_SORTING_ATTRIBUTE" label="ListCities"> 
    <Message>Sorting attribute are unspecified for the component 'ListCities'</Message> 
  </Warning>  
  <Warning error="false" xpath="id('mov1#hym2#page9#inu9')" rootXPath="id('mov1')" key="UNSPECIFIED_SORTING_ATTRIBUTE" label="ListReviewScoreRanges"> 
    <Message>Sorting attribute are unspecified for the component 'ListReviewScoreRanges'</Message> 
  </Warning>  
  <Warning error="false" xpath="id('mov1#hym3#page15#inu27')" rootXPath="id('mov1')" key="UNSPECIFIED_SORTING_ATTRIBUTE" label="ListReviewScoreRanges"> 
    <Message>Sorting attribute are unspecified for the component 'ListReviewScoreRanges'</Message> 
  </Warning>  
  <Warning error="false" xpath="id('mov1#hym3#page15#inu28')" rootXPath="id('mov1')" key="UNSPECIFIED_SORTING_ATTRIBUTE" label="ListPopularEvents"> 
    <Message>Sorting attribute are unspecified for the component 'ListPopularEvents'</Message> 
  </Warning>  
  <Warning error="false" xpath="id('mov1#hym3#page15#inu29')" rootXPath="id('mov1')" key="UNSPECIFIED_SORTING_ATTRIBUTE" label="ListPriceRanges"> 
    <Message>Sorting attribute are unspecified for the component 'ListPriceRanges'</Message> 
  </Warning>  
  <Warning error="false" xpath="id('mov1#hym3#page15#inu30')" rootXPath="id('mov1')" key="UNSPECIFIED_SORTING_ATTRIBUTE" label="ListEventCategories"> 
    <Message>Sorting attribute are unspecified for the component 'ListEventCategories'</Message> 
  </Warning>  
  <Warning error="false" xpath="id('mov1#hym3#page15#inu31')" rootXPath="id('mov1')" key="UNSPECIFIED_SORTING_ATTRIBUTE" label="ListUpcomingEvents"> 
    <Message>Sorting attribute are unspecified for the component 'ListUpcomingEvents'</Message> 
  </Warning>  
  <Warning error="false" xpath="id('mov1#hym3#page15#inu32')" rootXPath="id('mov1')" key="UNSPECIFIED_SORTING_ATTRIBUTE" label="ListControversialEvents"> 
    <Message>Sorting attribute are unspecified for the component 'ListControversialEvents'</Message> 
  </Warning>  
  <Warning error="false" xpath="id('mov1#hym3#page15#inu25')" rootXPath="id('mov1')" key="UNSPECIFIED_SORTING_ATTRIBUTE" label="ListCities"> 
    <Message>Sorting attribute are unspecified for the component 'ListCities'</Message> 
  </Warning>  
  <Warning error="false" xpath="id('mov1#hym3#page16#inu33')" rootXPath="id('mov1')" key="UNSPECIFIED_SORTING_ATTRIBUTE" label="ListEvents"> 
    <Message>Sorting attribute are unspecified for the component 'ListEvents'</Message> 
  </Warning>  
  <Warning error="false" xpath="id('sv1#area1#page2#inu4')" rootXPath="id('sv1')" key="UNSPECIFIED_SORTING_ATTRIBUTE" label="Upcoming events"> 
    <Message>Sorting attribute are unspecified for the component 'Upcoming events'</Message> 
  </Warning>  
  <Warning error="false" xpath="id('sv1#area1#page2#inu5')" rootXPath="id('sv1')" key="UNSPECIFIED_SORTING_ATTRIBUTE" label="ListTracks"> 
    <Message>Sorting attribute are unspecified for the component 'ListTracks'</Message> 
  </Warning>  
  <Warning error="false" xpath="id('sv1#area1#page2#inu6')" rootXPath="id('sv1')" key="UNSPECIFIED_SORTING_ATTRIBUTE" label="ListKartingCenters"> 
    <Message>Sorting attribute are unspecified for the component 'ListKartingCenters'</Message> 
  </Warning>  
  <Warning error="false" xpath="id('sv1#area2#page6#pwu1')" rootXPath="id('sv1')" key="UNSPECIFIED_SORTING_ATTRIBUTE" label="Reservations"> 
    <Message>Sorting attribute are unspecified for the component 'Reservations'</Message> 
  </Warning>  
  <Warning error="false" xpath="id('sv1#area2#page88#inu59')" rootXPath="id('sv1')" key="UNSPECIFIED_SORTING_ATTRIBUTE" label="Tracks"> 
    <Message>Sorting attribute are unspecified for the component 'Tracks'</Message> 
  </Warning>  
  <Warning error="false" xpath="id('sv1#area24#page87#inu58')" rootXPath="id('sv1')" key="UNSPECIFIED_SORTING_ATTRIBUTE" label="Races"> 
    <Message>Sorting attribute are unspecified for the component 'Races'</Message> 
  </Warning>  
  <Warning error="false" xpath="id('sv1#area25#page91#inu61')" rootXPath="id('sv1')" key="UNSPECIFIED_SORTING_ATTRIBUTE" label="ListPilots"> 
    <Message>Sorting attribute are unspecified for the component 'ListPilots'</Message> 
  </Warning>  
  <Warning error="false" xpath="id('sv1#area26#page93#inu62')" rootXPath="id('sv1')" key="UNSPECIFIED_SORTING_ATTRIBUTE" label="LapTimes"> 
    <Message>Sorting attribute are unspecified for the component 'LapTimes'</Message> 
  </Warning>  
  <Warning error="false" xpath="id('sv1#area27#page96#scu7')" rootXPath="id('sv1')" key="UNSPECIFIED_SORTING_ATTRIBUTE" label="ListLaptimes"> 
    <Message>Sorting attribute are unspecified for the component 'ListLaptimes'</Message> 
  </Warning>  
  <Warning error="false" xpath="id('sv1#area27#page96#inu65')" rootXPath="id('sv1')" key="UNSPECIFIED_SORTING_ATTRIBUTE" label="BlockLapTimes"> 
    <Message>Sorting attribute are unspecified for the component 'BlockLapTimes'</Message> 
  </Warning>  
  <Warning error="false" xpath="id('sv1#area27#page95#inu64')" rootXPath="id('sv1')" key="UNSPECIFIED_SORTING_ATTRIBUTE" label="ListLeaderboard"> 
    <Message>Sorting attribute are unspecified for the component 'ListLeaderboard'</Message> 
  </Warning>  
  <Warning error="false" xpath="id('sv1#area28#page97#alt1#page100#inu67')" rootXPath="id('sv1')" key="UNSPECIFIED_SORTING_ATTRIBUTE" label="ListEventReviews"> 
    <Message>Sorting attribute are unspecified for the component 'ListEventReviews'</Message> 
  </Warning>  
  <Warning error="false" xpath="id('sv1#area28#page97#alt1#page101#inu68')" rootXPath="id('sv1')" key="UNSPECIFIED_SORTING_ATTRIBUTE" label="ListKCReviews"> 
    <Message>Sorting attribute are unspecified for the component 'ListKCReviews'</Message> 
  </Warning>  
  <Warning error="false" xpath="id('sv1#area28#page97#alt1#page102#inu69')" rootXPath="id('sv1')" key="UNSPECIFIED_SORTING_ATTRIBUTE" label="TrackReviews"> 
    <Message>Sorting attribute are unspecified for the component 'TrackReviews'</Message> 
  </Warning>  
  <Warning error="false" xpath="id('sv1#area3#page94#inu63')" rootXPath="id('sv1')" key="UNSPECIFIED_SORTING_ATTRIBUTE" label="ListEvents"> 
    <Message>Sorting attribute are unspecified for the component 'ListEvents'</Message> 
  </Warning>  
  <Warning error="false" xpath="id('sv1#area4#page89#inu60')" rootXPath="id('sv1')" key="UNSPECIFIED_SORTING_ATTRIBUTE" label="Karting centers"> 
    <Message>Sorting attribute are unspecified for the component 'Karting centers'</Message> 
  </Warning>  
  <Warning error="false" xpath="id('sv2#area11#page103#inu70')" rootXPath="id('sv2')" key="UNSPECIFIED_SORTING_ATTRIBUTE" label="MyNotConfirmedReservations"> 
    <Message>Sorting attribute are unspecified for the component 'MyNotConfirmedReservations'</Message> 
  </Warning>  
  <Warning error="false" xpath="id('sv2#area11#page103#inu39')" rootXPath="id('sv2')" key="UNSPECIFIED_SORTING_ATTRIBUTE" label="MyConfirmedReservations"> 
    <Message>Sorting attribute are unspecified for the component 'MyConfirmedReservations'</Message> 
  </Warning>  
  <Warning error="false" xpath="id('sv2#area5#page3#mdu4')" rootXPath="id('sv2')" key="UNSPECIFIED_SORTING_ATTRIBUTE" label="MyConfirmedEvents"> 
    <Message>Sorting attribute are unspecified for the component 'MyConfirmedEvents'</Message> 
  </Warning>  
  <Warning error="false" xpath="id('sv2#area5#page3#scu2')" rootXPath="id('sv2')" key="UNSPECIFIED_SORTING_ATTRIBUTE" label="MyRaces"> 
    <Message>Sorting attribute are unspecified for the component 'MyRaces'</Message> 
  </Warning>  
  <Warning error="false" xpath="id('sv2#area5#page3#pwu3')" rootXPath="id('sv2')" key="UNSPECIFIED_SORTING_ATTRIBUTE" label="MyRaces"> 
    <Message>Sorting attribute are unspecified for the component 'MyRaces'</Message> 
  </Warning>  
  <Warning error="false" xpath="id('sv2#area5#page3#inu12')" rootXPath="id('sv2')" key="UNSPECIFIED_SORTING_ATTRIBUTE" label="FavouriteTracks"> 
    <Message>Sorting attribute are unspecified for the component 'FavouriteTracks'</Message> 
  </Warning>  
  <Warning error="false" xpath="id('sv2#area6#page54#inu49')" rootXPath="id('sv2')" key="UNSPECIFIED_SORTING_ATTRIBUTE" label="MyPastRaces"> 
    <Message>Sorting attribute are unspecified for the component 'MyPastRaces'</Message> 
  </Warning>  
  <Warning error="false" xpath="id('sv2#area6#page17#inu38')" rootXPath="id('sv2')" key="UNSPECIFIED_SORTING_ATTRIBUTE" label="LapTimes"> 
    <Message>Sorting attribute are unspecified for the component 'LapTimes'</Message> 
  </Warning>  
  <Warning error="false" xpath="id('sv2#area7#page19#scu4')" rootXPath="id('sv2')" key="UNSPECIFIED_SORTING_ATTRIBUTE" label="Events"> 
    <Message>Sorting attribute are unspecified for the component 'Events'</Message> 
  </Warning>  
  <Warning error="false" xpath="id('sv2#area7#page19#inu34')" rootXPath="id('sv2')" key="UNSPECIFIED_SORTING_ATTRIBUTE" label="AppliedButNotYetConfirmedEvents"> 
    <Message>Sorting attribute are unspecified for the component 'AppliedButNotYetConfirmedEvents'</Message> 
  </Warning>  
  <Warning error="false" xpath="id('sv2#area7#page19#pwu4')" rootXPath="id('sv2')" key="UNSPECIFIED_SORTING_ATTRIBUTE" label="ConfirmedEvents"> 
    <Message>Sorting attribute are unspecified for the component 'ConfirmedEvents'</Message> 
  </Warning>  
  <Warning error="false" xpath="id('sv2#area7#page19#inu43')" rootXPath="id('sv2')" key="UNSPECIFIED_SORTING_ATTRIBUTE" label="UpcomingEvents"> 
    <Message>Sorting attribute are unspecified for the component 'UpcomingEvents'</Message> 
  </Warning>  
  <Warning error="false" xpath="id('sv2#area7#page29#inu48')" rootXPath="id('sv2')" key="UNSPECIFIED_SORTING_ATTRIBUTE" label="PastEvent"> 
    <Message>Sorting attribute are unspecified for the component 'PastEvent'</Message> 
  </Warning>  
  <Warning error="false" xpath="id('sv3#area10#page28#inu36')" rootXPath="id('sv3')" key="UNSPECIFIED_SORTING_ATTRIBUTE" label="ApplicationsNotYetConfirmed"> 
    <Message>Sorting attribute are unspecified for the component 'ApplicationsNotYetConfirmed'</Message> 
  </Warning>  
  <Warning error="false" xpath="id('sv3#area10#page28#inu46')" rootXPath="id('sv3')" key="UNSPECIFIED_SORTING_ATTRIBUTE" label="Races"> 
    <Message>Sorting attribute are unspecified for the component 'Races'</Message> 
  </Warning>  
  <Warning error="false" xpath="id('sv3#area10#page22#inu44')" rootXPath="id('sv3')" key="UNSPECIFIED_SORTING_ATTRIBUTE" label="MyEvents"> 
    <Message>Sorting attribute are unspecified for the component 'MyEvents'</Message> 
  </Warning>  
  <Warning error="false" xpath="id('sv3#area10#page22#scu9')" rootXPath="id('sv3')" key="UNSPECIFIED_SORTING_ATTRIBUTE" label="MyEvents"> 
    <Message>Sorting attribute are unspecified for the component 'MyEvents'</Message> 
  </Warning>  
  <Warning error="false" xpath="id('sv3#area8#page20#scu5')" rootXPath="id('sv3')" key="UNSPECIFIED_SORTING_ATTRIBUTE" label="MyEvents"> 
    <Message>Sorting attribute are unspecified for the component 'MyEvents'</Message> 
  </Warning>  
  <Warning error="false" xpath="id('sv3#area8#page20#inu11')" rootXPath="id('sv3')" key="UNSPECIFIED_SORTING_ATTRIBUTE" label="MyEvents"> 
    <Message>Sorting attribute are unspecified for the component 'MyEvents'</Message> 
  </Warning>  
  <Warning error="false" xpath="id('sv3#area8#page20#hinu2')" rootXPath="id('sv3')" key="UNSPECIFIED_SORTING_ATTRIBUTE" label="Events_Applications"> 
    <Message>Sorting attribute are unspecified for the component 'Events_Applications'</Message> 
  </Warning>  
  <Warning error="false" xpath="id('sv3#area8#page20#hinu2#hiulvl2')" rootXPath="id('sv3')" key="UNSPECIFIED_SORTING_ATTRIBUTE" label="Applications"> 
    <Message>Sorting attribute are unspecified for the component 'Applications'</Message> 
  </Warning>  
  <Warning error="false" xpath="id('sv4#area12#page34#inu24')" rootXPath="id('sv4')" key="UNSPECIFIED_SORTING_ATTRIBUTE" label="KC_reviews"> 
    <Message>Sorting attribute are unspecified for the component 'KC_reviews'</Message> 
  </Warning>  
  <Warning error="false" xpath="id('sv4#area12#page34#inu35')" rootXPath="id('sv4')" key="UNSPECIFIED_SORTING_ATTRIBUTE" label="Event_Reviews"> 
    <Message>Sorting attribute are unspecified for the component 'Event_Reviews'</Message> 
  </Warning>  
  <Warning error="false" xpath="id('sv4#area12#page34#inu1')" rootXPath="id('sv4')" key="UNSPECIFIED_SORTING_ATTRIBUTE" label="TrackReviews"> 
    <Message>Sorting attribute are unspecified for the component 'TrackReviews'</Message> 
  </Warning>  
  <Warning error="false" xpath="id('sv4#area13#page35#hinu1')" rootXPath="id('sv4')" key="UNSPECIFIED_SORTING_ATTRIBUTE" label="Tracks"> 
    <Message>Sorting attribute are unspecified for the component 'Tracks'</Message> 
  </Warning>  
  <Warning error="false" xpath="id('sv4#area13#page35#hinu1#hiulvl1')" rootXPath="id('sv4')" key="UNSPECIFIED_SORTING_ATTRIBUTE" label="Reservations"> 
    <Message>Sorting attribute are unspecified for the component 'Reservations'</Message> 
  </Warning>  
  <Warning error="false" xpath="id('sv5#area15#page48#inu13')" rootXPath="id('sv5')" key="UNSPECIFIED_SORTING_ATTRIBUTE" label="MyTracks"> 
    <Message>Sorting attribute are unspecified for the component 'MyTracks'</Message> 
  </Warning>  
  <Warning error="false" xpath="id('sv5#area15#page44#scu8')" rootXPath="id('sv5')" key="UNSPECIFIED_SORTING_ATTRIBUTE" label="ScrollRaces"> 
    <Message>Sorting attribute are unspecified for the component 'ScrollRaces'</Message> 
  </Warning>  
  <Warning error="false" xpath="id('sv5#area15#page44#inu41')" rootXPath="id('sv5')" key="UNSPECIFIED_SORTING_ATTRIBUTE" label="Races"> 
    <Message>Sorting attribute are unspecified for the component 'Races'</Message> 
  </Warning>  
  <Warning error="false" xpath="id('sv5#area16#page47#inu42')" rootXPath="id('sv5')" key="UNSPECIFIED_SORTING_ATTRIBUTE" label="Races"> 
    <Message>Sorting attribute are unspecified for the component 'Races'</Message> 
  </Warning>  
  <Warning error="false" xpath="id('sv5#area16#page45#inu37')" rootXPath="id('sv5')" key="UNSPECIFIED_SORTING_ATTRIBUTE" label="PilotsInRace"> 
    <Message>Sorting attribute are unspecified for the component 'PilotsInRace'</Message> 
  </Warning>  
  <Warning error="false" xpath="id('sv5#area16#page45#mdu2')" rootXPath="id('sv5')" key="UNSPECIFIED_SORTING_ATTRIBUTE" label="Reservations"> 
    <Message>Sorting attribute are unspecified for the component 'Reservations'</Message> 
  </Warning>  
  <Warning error="false" xpath="id('sv5#area17#page50#scu6')" rootXPath="id('sv5')" key="UNSPECIFIED_SORTING_ATTRIBUTE" label="AllPilots"> 
    <Message>Sorting attribute are unspecified for the component 'AllPilots'</Message> 
  </Warning>  
  <Warning error="false" xpath="id('sv5#area17#page50#inu40')" rootXPath="id('sv5')" key="UNSPECIFIED_SORTING_ATTRIBUTE" label="PilotsChunk"> 
    <Message>Sorting attribute are unspecified for the component 'PilotsChunk'</Message> 
  </Warning>  
  <Warning error="false" xpath="id('sv5#area19#page63#inu45')" rootXPath="id('sv5')" key="UNSPECIFIED_SORTING_ATTRIBUTE" label="MyKartingCenters"> 
    <Message>Sorting attribute are unspecified for the component 'MyKartingCenters'</Message> 
  </Warning>  
  <Warning error="false" xpath="id('sv5#area20#page78#inu47')" rootXPath="id('sv5')" key="UNSPECIFIED_SORTING_ATTRIBUTE" label="ClerksFromMyKC"> 
    <Message>Sorting attribute are unspecified for the component 'ClerksFromMyKC'</Message> 
  </Warning>  
  <Warning error="false" xpath="id('sv5#area9#page77#scu11')" rootXPath="id('sv5')" key="UNSPECIFIED_SORTING_ATTRIBUTE" label="ScrollPilots"> 
    <Message>Sorting attribute are unspecified for the component 'ScrollPilots'</Message> 
  </Warning>  
  <Warning error="false" xpath="id('sv5#area9#page77#inu56')" rootXPath="id('sv5')" key="UNSPECIFIED_SORTING_ATTRIBUTE" label="Pilots"> 
    <Message>Sorting attribute are unspecified for the component 'Pilots'</Message> 
  </Warning>  
  <Warning error="false" xpath="id('sv5#area9#page62#inu52')" rootXPath="id('sv5')" key="UNSPECIFIED_SORTING_ATTRIBUTE" label="Clerks"> 
    <Message>Sorting attribute are unspecified for the component 'Clerks'</Message> 
  </Warning>  
  <Warning error="false" xpath="id('sv5#area9#page59#inu50')" rootXPath="id('sv5')" key="UNSPECIFIED_SORTING_ATTRIBUTE" label="Tracks"> 
    <Message>Sorting attribute are unspecified for the component 'Tracks'</Message> 
  </Warning>  
  <Warning error="false" xpath="id('sv5#area9#page42#inu51')" rootXPath="id('sv5')" key="UNSPECIFIED_SORTING_ATTRIBUTE" label="MyKartingCenter"> 
    <Message>Sorting attribute are unspecified for the component 'MyKartingCenter'</Message> 
  </Warning>  
  <Warning error="false" xpath="id('sv6#area21#page67#inu54')" rootXPath="id('sv6')" key="UNSPECIFIED_SORTING_ATTRIBUTE" label="AllKartingCenters"> 
    <Message>Sorting attribute are unspecified for the component 'AllKartingCenters'</Message> 
  </Warning>  
  <Warning error="false" xpath="id('sv6#area22#page73#inu55')" rootXPath="id('sv6')" key="UNSPECIFIED_SORTING_ATTRIBUTE" label="AllKCadministrators"> 
    <Message>Sorting attribute are unspecified for the component 'AllKCadministrators'</Message> 
  </Warning>  
  <Warning error="false" xpath="id('sv6#area23#page81#inu53')" rootXPath="id('sv6')" key="UNSPECIFIED_SORTING_ATTRIBUTE" label="Organizers"> 
    <Message>Sorting attribute are unspecified for the component 'Organizers'</Message> 
  </Warning>  
  <Warning xpath="id('sv5#area20#page61#dau16')" rootXPath="id('sv5')" label="Clerk"> 
    <Message>Security Warning: the component 'Clerk' shows the password attributes</Message>  
    <Resolution class="com.webratio.ide.ui.resources.RemoveShownPasswordAttributesResolutionGenerator">Remove the attribute from the display attributes</Resolution> 
  </Warning>  
  <Warning xpath="id('sv2#area5#page3#dau4')" rootXPath="id('sv2')" label="CurrentPilot"> 
    <Message>Security Warning: the component 'CurrentPilot' shows the password attributes</Message>  
    <Resolution class="com.webratio.ide.ui.resources.RemoveShownPasswordAttributesResolutionGenerator">Remove the attribute from the display attributes</Resolution> 
  </Warning>  
  <Warning xpath="id('sv5#area9#page42#dau29')" rootXPath="id('sv5')" label="KartingCenterAdmin"> 
    <Message>Security Warning: the component 'KartingCenterAdmin' shows the password attributes</Message>  
    <Resolution class="com.webratio.ide.ui.resources.RemoveShownPasswordAttributesResolutionGenerator">Remove the attribute from the display attributes</Resolution> 
  </Warning>  
  <Warning xpath="id('sv6#area22#page73#inu55')" rootXPath="id('sv6')" label="AllKCadministrators"> 
    <Message>Security Warning: the component 'AllKCadministrators' shows the password attributes</Message>  
    <Resolution class="com.webratio.ide.ui.resources.RemoveShownPasswordAttributesResolutionGenerator">Remove the attribute from the display attributes</Resolution> 
  </Warning>  
  <Warning xpath="id('sv5#area9#page62#inu52')" rootXPath="id('sv5')" label="Clerks"> 
    <Message>Security Warning: the component 'Clerks' shows the password attributes</Message>  
    <Resolution class="com.webratio.ide.ui.resources.RemoveShownPasswordAttributesResolutionGenerator">Remove the attribute from the display attributes</Resolution> 
  </Warning>  
  <Warning xpath="id('sv6#area23#page82#dau21')" rootXPath="id('sv6')" label="Organizer"> 
    <Message>Security Warning: the component 'Organizer' shows the password attributes</Message>  
    <Resolution class="com.webratio.ide.ui.resources.RemoveShownPasswordAttributesResolutionGenerator">Remove the attribute from the display attributes</Resolution> 
  </Warning>  
  <Warning xpath="id('sv5#area9#page77#inu56')" rootXPath="id('sv5')" label="Pilots"> 
    <Message>Security Warning: the component 'Pilots' shows the password attributes</Message>  
    <Resolution class="com.webratio.ide.ui.resources.RemoveShownPasswordAttributesResolutionGenerator">Remove the attribute from the display attributes</Resolution> 
  </Warning>  
  <Warning xpath="id('sv5#area17#page46#dau20')" rootXPath="id('sv5')" label="PilotDetail"> 
    <Message>Security Warning: the component 'PilotDetail' shows the password attributes</Message>  
    <Resolution class="com.webratio.ide.ui.resources.RemoveShownPasswordAttributesResolutionGenerator">Remove the attribute from the display attributes</Resolution> 
  </Warning>  
  <Warning xpath="id('sv4#area12#page34#dau30')" rootXPath="id('sv4')" label="ClerkDetails"> 
    <Message>Security Warning: the component 'ClerkDetails' shows the password attributes</Message>  
    <Resolution class="com.webratio.ide.ui.resources.RemoveShownPasswordAttributesResolutionGenerator">Remove the attribute from the display attributes</Resolution> 
  </Warning>  
  <Warning xpath="id('sv5#area17#page50#inu40')" rootXPath="id('sv5')" label="PilotsChunk"> 
    <Message>Security Warning: the component 'PilotsChunk' shows the password attributes</Message>  
    <Resolution class="com.webratio.ide.ui.resources.RemoveShownPasswordAttributesResolutionGenerator">Remove the attribute from the display attributes</Resolution> 
  </Warning>  
  <Warning xpath="id('sv1#area1#page2#enu1#fld2')" rootXPath="id('sv1')" label="Password"> 
    <Message>Security Warning: the password field 'Password' does not have any validation to ensure password strength</Message>  
    <Resolution class="com.webratio.ide.ui.resources.AddMissingValidationRuleResolutionGenerator" validationRuleName="PasswordStrengthValidationRule">Add missing Password Strength validation rule</Resolution> 
  </Warning>  
  <Warning xpath="id('sv5#area17#page46#enu7#fld18')" rootXPath="id('sv5')" label="password"> 
    <Message>Security Warning: the password field 'password' does not have any validation to ensure password strength</Message>  
    <Resolution class="com.webratio.ide.ui.resources.AddMissingValidationRuleResolutionGenerator" validationRuleName="PasswordStrengthValidationRule">Add missing Password Strength validation rule</Resolution> 
  </Warning>  
  <Warning xpath="id('sv5#area20#page61#enu13#fld36')" rootXPath="id('sv5')" label="password"> 
    <Message>Security Warning: the password field 'password' does not have any validation to ensure password strength</Message>  
    <Resolution class="com.webratio.ide.ui.resources.AddMissingValidationRuleResolutionGenerator" validationRuleName="PasswordStrengthValidationRule">Add missing Password Strength validation rule</Resolution> 
  </Warning>  
  <Warning xpath="id('sv6#area22#page74#enu17#fld49')" rootXPath="id('sv6')" label="password"> 
    <Message>Security Warning: the password field 'password' does not have any validation to ensure password strength</Message>  
    <Resolution class="com.webratio.ide.ui.resources.AddMissingValidationRuleResolutionGenerator" validationRuleName="PasswordStrengthValidationRule">Add missing Password Strength validation rule</Resolution> 
  </Warning>  
  <Warning xpath="id('sv6#area23#page82#enu18#fld58')" rootXPath="id('sv6')" label="password"> 
    <Message>Security Warning: the password field 'password' does not have any validation to ensure password strength</Message>  
    <Resolution class="com.webratio.ide.ui.resources.AddMissingValidationRuleResolutionGenerator" validationRuleName="PasswordStrengthValidationRule">Add missing Password Strength validation rule</Resolution> 
  </Warning>  
  <Warning xpath="id('sv5#area9#page77')" rootXPath="id('sv5')" label="Pilots"> 
    <Message>Security Warning: the public page 'Pilots' shows information about the user</Message>  
    <Resolution class="com.webratio.ide.ui.resources.ChangeAttributeResolutionGenerator" attribute="protected" value="true">Protect the page</Resolution> 
  </Warning>  
  <Warning xpath="id('sv2#area5#page3')" rootXPath="id('sv2')" label="HomePage"> 
    <Message>Security Warning: the public page 'HomePage' shows information about the user</Message>  
    <Resolution class="com.webratio.ide.ui.resources.ChangeAttributeResolutionGenerator" attribute="protected" value="true">Protect the page</Resolution> 
  </Warning>  
  <Warning xpath="id('sv5#area16#page45')" rootXPath="id('sv5')" label="RaceDetail"> 
    <Message>Security Warning: the public page 'RaceDetail' shows information about the user</Message>  
    <Resolution class="com.webratio.ide.ui.resources.ChangeAttributeResolutionGenerator" attribute="protected" value="true">Protect the page</Resolution> 
  </Warning>  
  <Warning xpath="id('sv6#area23#page82')" rootXPath="id('sv6')" label="ManageOrganizer"> 
    <Message>Security Warning: the public page 'ManageOrganizer' shows information about the user</Message>  
    <Resolution class="com.webratio.ide.ui.resources.ChangeAttributeResolutionGenerator" attribute="protected" value="true">Protect the page</Resolution> 
  </Warning>  
  <Warning xpath="id('sv6#area22#page74')" rootXPath="id('sv6')" label="ManageKCadmin"> 
    <Message>Security Warning: the public page 'ManageKCadmin' shows information about the user</Message>  
    <Resolution class="com.webratio.ide.ui.resources.ChangeAttributeResolutionGenerator" attribute="protected" value="true">Protect the page</Resolution> 
  </Warning>  
  <Warning xpath="id('sv1#area25#page91')" rootXPath="id('sv1')" label="ListPilots"> 
    <Message>Security Warning: the public page 'ListPilots' shows information about the user</Message>  
    <Resolution class="com.webratio.ide.ui.resources.ChangeAttributeResolutionGenerator" attribute="protected" value="true">Protect the page</Resolution> 
  </Warning>  
  <Warning xpath="id('sv5#area17#page50')" rootXPath="id('sv5')" label="HomePage"> 
    <Message>Security Warning: the public page 'HomePage' shows information about the user</Message>  
    <Resolution class="com.webratio.ide.ui.resources.ChangeAttributeResolutionGenerator" attribute="protected" value="true">Protect the page</Resolution> 
  </Warning>  
  <Warning xpath="id('sv6#area23#page81')" rootXPath="id('sv6')" label="HomePage"> 
    <Message>Security Warning: the public page 'HomePage' shows information about the user</Message>  
    <Resolution class="com.webratio.ide.ui.resources.ChangeAttributeResolutionGenerator" attribute="protected" value="true">Protect the page</Resolution> 
  </Warning>  
  <Warning xpath="id('sv5#area9#page62')" rootXPath="id('sv5')" label="Clerks"> 
    <Message>Security Warning: the public page 'Clerks' shows information about the user</Message>  
    <Resolution class="com.webratio.ide.ui.resources.ChangeAttributeResolutionGenerator" attribute="protected" value="true">Protect the page</Resolution> 
  </Warning>  
  <Warning xpath="id('sv5#area20#page61')" rootXPath="id('sv5')" label="ClerkDetail"> 
    <Message>Security Warning: the public page 'ClerkDetail' shows information about the user</Message>  
    <Resolution class="com.webratio.ide.ui.resources.ChangeAttributeResolutionGenerator" attribute="protected" value="true">Protect the page</Resolution> 
  </Warning>  
  <Warning xpath="id('sv4#area29#page106')" rootXPath="id('sv4')" label="Track_ReviewDetail"> 
    <Message>Security Warning: the public page 'Track_ReviewDetail' shows information about the user</Message>  
    <Resolution class="com.webratio.ide.ui.resources.ChangeAttributeResolutionGenerator" attribute="protected" value="true">Protect the page</Resolution> 
  </Warning>  
  <Warning xpath="id('sv6#area22#page73')" rootXPath="id('sv6')" label="HomePage"> 
    <Message>Security Warning: the public page 'HomePage' shows information about the user</Message>  
    <Resolution class="com.webratio.ide.ui.resources.ChangeAttributeResolutionGenerator" attribute="protected" value="true">Protect the page</Resolution> 
  </Warning>  
  <Warning xpath="id('sv2#area11#page103')" rootXPath="id('sv2')" label="MyReservations"> 
    <Message>Security Warning: the public page 'MyReservations' shows information about the user</Message>  
    <Resolution class="com.webratio.ide.ui.resources.ChangeAttributeResolutionGenerator" attribute="protected" value="true">Protect the page</Resolution> 
  </Warning>  
  <Warning xpath="id('sv4#area12#page34')" rootXPath="id('sv4')" label="HomePage"> 
    <Message>Security Warning: the public page 'HomePage' shows information about the user</Message>  
    <Resolution class="com.webratio.ide.ui.resources.ChangeAttributeResolutionGenerator" attribute="protected" value="true">Protect the page</Resolution> 
  </Warning>  
  <Warning xpath="id('sv6#area18#page66')" rootXPath="id('sv6')" label="HomePage"> 
    <Message>Security Warning: the public page 'HomePage' shows information about the user</Message>  
    <Resolution class="com.webratio.ide.ui.resources.ChangeAttributeResolutionGenerator" attribute="protected" value="true">Protect the page</Resolution> 
  </Warning>  
  <Warning xpath="id('sv1#area25#page90')" rootXPath="id('sv1')" label="PilotDetail"> 
    <Message>Security Warning: the public page 'PilotDetail' shows information about the user</Message>  
    <Resolution class="com.webratio.ide.ui.resources.ChangeAttributeResolutionGenerator" attribute="protected" value="true">Protect the page</Resolution> 
  </Warning>  
  <Warning xpath="id('sv5#area20#page78')" rootXPath="id('sv5')" label="HomePage"> 
    <Message>Security Warning: the public page 'HomePage' shows information about the user</Message>  
    <Resolution class="com.webratio.ide.ui.resources.ChangeAttributeResolutionGenerator" attribute="protected" value="true">Protect the page</Resolution> 
  </Warning>  
  <Warning xpath="id('sv5#area17#page46')" rootXPath="id('sv5')" label="PilotDetail"> 
    <Message>Security Warning: the public page 'PilotDetail' shows information about the user</Message>  
    <Resolution class="com.webratio.ide.ui.resources.ChangeAttributeResolutionGenerator" attribute="protected" value="true">Protect the page</Resolution> 
  </Warning>  
  <Warning xpath="id('sv4#area13#page35')" rootXPath="id('sv4')" label="ConfirmReservation"> 
    <Message>Security Warning: the public page 'ConfirmReservation' shows information about the user</Message>  
    <Resolution class="com.webratio.ide.ui.resources.ChangeAttributeResolutionGenerator" attribute="protected" value="true">Protect the page</Resolution> 
  </Warning>  
  <Warning xpath="id('sv4#area29#page84')" rootXPath="id('sv4')" label="KC_ReviewDetail"> 
    <Message>Security Warning: the public page 'KC_ReviewDetail' shows information about the user</Message>  
    <Resolution class="com.webratio.ide.ui.resources.ChangeAttributeResolutionGenerator" attribute="protected" value="true">Protect the page</Resolution> 
  </Warning>  
  <Warning xpath="id('sv5#area9#page42')" rootXPath="id('sv5')" label="HomePage"> 
    <Message>Security Warning: the public page 'HomePage' shows information about the user</Message>  
    <Resolution class="com.webratio.ide.ui.resources.ChangeAttributeResolutionGenerator" attribute="protected" value="true">Protect the page</Resolution> 
  </Warning>  
  <Warning xpath="id('sv6#area21#page68')" rootXPath="id('sv6')" label="ManageKartingCenter"> 
    <Message>Security Warning: the public page 'ManageKartingCenter' shows information about the user</Message>  
    <Resolution class="com.webratio.ide.ui.resources.ChangeAttributeResolutionGenerator" attribute="protected" value="true">Protect the page</Resolution> 
  </Warning>  
  <Warning xpath="id('sv2#area7#page23')" rootXPath="id('sv2')" label="ApplyToEvent"> 
    <Message>Security Warning: the public page 'ApplyToEvent' shows information about the user</Message>  
    <Resolution class="com.webratio.ide.ui.resources.ChangeAttributeResolutionGenerator" attribute="protected" value="true">Protect the page</Resolution> 
  </Warning>  
  <Warning xpath="id('mov1#ctm1')" rootXPath="id('mov1')" label="RaceDataGathering"> 
    <Message>Security Warning: the public page 'RaceDataGathering' shows information about the user</Message> 
  </Warning>  
  <Warning xpath="id('sv4#area29#page79')" rootXPath="id('sv4')" label="Event_ReviewDetail"> 
    <Message>Security Warning: the public page 'Event_ReviewDetail' shows information about the user</Message>  
    <Resolution class="com.webratio.ide.ui.resources.ChangeAttributeResolutionGenerator" attribute="protected" value="true">Protect the page</Resolution> 
  </Warning>  
  <Warning error="false" xpath="id('sv5#area19#page58')" rootXPath="id('sv5')" key="" label="KartingCenterDetail"> 
    <Message>Security Warning: the page 'KartingCenterDetail' is public but no captcha field is configured on its form component</Message> 
  </Warning>  
  <Warning error="false" xpath="id('sv2#area7#page38')" rootXPath="id('sv2')" key="" label="EventReview"> 
    <Message>Security Warning: the page 'EventReview' is public but no captcha field is configured on its form component</Message> 
  </Warning>  
  <Warning error="false" xpath="id('sv5#area16#page45')" rootXPath="id('sv5')" key="" label="RaceDetail"> 
    <Message>Security Warning: the page 'RaceDetail' is public but no captcha field is configured on its form component</Message> 
  </Warning>  
  <Warning error="false" xpath="id('sv3#area10#page30')" rootXPath="id('sv3')" key="" label="EditOrCreateEvent"> 
    <Message>Security Warning: the page 'EditOrCreateEvent' is public but no captcha field is configured on its form component</Message> 
  </Warning>  
  <Warning error="false" xpath="id('sv6#area23#page82')" rootXPath="id('sv6')" key="" label="ManageOrganizer"> 
    <Message>Security Warning: the page 'ManageOrganizer' is public but no captcha field is configured on its form component</Message> 
  </Warning>  
  <Warning error="false" xpath="id('sv6#area22#page74')" rootXPath="id('sv6')" key="" label="ManageKCadmin"> 
    <Message>Security Warning: the page 'ManageKCadmin' is public but no captcha field is configured on its form component</Message> 
  </Warning>  
  <Warning error="false" xpath="id('sv1#area1#page2')" rootXPath="id('sv1')" key="" label="HomePage"> 
    <Message>Security Warning: the page 'HomePage' is public but no captcha field is configured on its form component</Message> 
  </Warning>  
  <Warning error="false" xpath="id('sv5#area15#page44')" rootXPath="id('sv5')" key="" label="TrackDetail"> 
    <Message>Security Warning: the page 'TrackDetail' is public but no captcha field is configured on its form component</Message> 
  </Warning>  
  <Warning error="false" xpath="id('sv5#area20#page61')" rootXPath="id('sv5')" key="" label="ClerkDetail"> 
    <Message>Security Warning: the page 'ClerkDetail' is public but no captcha field is configured on its form component</Message> 
  </Warning>  
  <Warning error="false" xpath="id('sv2#area11#page40')" rootXPath="id('sv2')" key="" label="Confirm"> 
    <Message>Security Warning: the page 'Confirm' is public but no captcha field is configured on its form component</Message> 
  </Warning>  
  <Warning error="false" xpath="id('sv2#area6#page51')" rootXPath="id('sv2')" key="" label="TrackReview"> 
    <Message>Security Warning: the page 'TrackReview' is public but no captcha field is configured on its form component</Message> 
  </Warning>  
  <Warning error="false" xpath="id('sv2#area6#page55')" rootXPath="id('sv2')" key="" label="KartingCenterReview"> 
    <Message>Security Warning: the page 'KartingCenterReview' is public but no captcha field is configured on its form component</Message> 
  </Warning>  
  <Warning error="false" xpath="id('sv5#area17#page46')" rootXPath="id('sv5')" key="" label="PilotDetail"> 
    <Message>Security Warning: the page 'PilotDetail' is public but no captcha field is configured on its form component</Message> 
  </Warning>  
  <Warning error="false" xpath="id('sv6#area21#page68')" rootXPath="id('sv6')" key="" label="ManageKartingCenter"> 
    <Message>Security Warning: the page 'ManageKartingCenter' is public but no captcha field is configured on its form component</Message> 
  </Warning>  
  <Warning error="false" xpath="id('sv2#area7#page23')" rootXPath="id('sv2')" key="" label="ApplyToEvent"> 
    <Message>Security Warning: the page 'ApplyToEvent' is public but no captcha field is configured on its form component</Message> 
  </Warning>  
  <Warning error="false" xpath="id('mov1#ctm1')" rootXPath="id('mov1')" key="" label="RaceDataGathering"> 
    <Message>Security Warning: the page 'RaceDataGathering' is public but no captcha field is configured on its form component</Message> 
  </Warning>  
  <Warning error="false" xpath="id('mov1#hym1#page10')" rootXPath="id('mov1')" key="" label="ErrorPage"> 
    <Message>Security Warning: the page 'ErrorPage' is orphan</Message> 
  </Warning>  
  <Warning error="false" xpath="id('mov1#hym2#page13')" rootXPath="id('mov1')" key="" label="ErrorPage"> 
    <Message>Security Warning: the page 'ErrorPage' is orphan</Message> 
  </Warning> 
</Warnings>
