<?xml version="1.0" encoding="UTF-8"?>

<Warnings> 
  <Warning xpath="id('sv3#area10#page27#dau12#ln55#par107')" rootXPath="id('sv3')" key="UNUSED_PASSING_PARAMETER" label="oid(Level2)_PASSING"> 
    <Message>The passing parameter 'oid(Level2)_PASSING' is declared but never used</Message>  
    <Resolution class="com.webratio.ide.ui.resources.RemoveElementResolutionGenerator">Remove the invalid link parameter 'sv3#area10#page27#dau12#ln55#par107'</Resolution> 
  </Warning>  
  <Warning xpath="id('sv3#area10#miu5#kln7')" rootXPath="id('sv3')" key="AUTOMATIC_COUPLING_WITHOUT_EFFECT" label="KOFlow7"> 
    <Message>Neither explicit nor implicit parameters' bindings could be found for the flow 'KOFlow7'</Message>  
    <Resolution class="com.webratio.ide.ui.resources.ChangeAttributeResolutionGenerator" attribute="automaticCoupling" value="">Remove the 'Automatic Coupling' property</Resolution> 
  </Warning>  
  <Warning xpath="id('sv3#area10#cnu1#kln5')" rootXPath="id('sv3')" key="AUTOMATIC_COUPLING_WITHOUT_EFFECT" label="KOFlow5"> 
    <Message>Neither explicit nor implicit parameters' bindings could be found for the flow 'KOFlow5'</Message>  
    <Resolution class="com.webratio.ide.ui.resources.ChangeAttributeResolutionGenerator" attribute="automaticCoupling" value="">Remove the 'Automatic Coupling' property</Resolution> 
  </Warning>  
  <Warning xpath="id('sv3#area10#opg1#kln6')" rootXPath="id('sv3')" key="AUTOMATIC_COUPLING_WITHOUT_EFFECT" label="KOFlow6"> 
    <Message>Neither explicit nor implicit parameters' bindings could be found for the flow 'KOFlow6'</Message>  
    <Resolution class="com.webratio.ide.ui.resources.ChangeAttributeResolutionGenerator" attribute="automaticCoupling" value="">Remove the 'Automatic Coupling' property</Resolution> 
  </Warning>  
  <Warning xpath="id('sv3#area10#cnu1')" rootXPath="id('sv3')" error="false" label="Organizer2Reservation" key="NO_OUTGOING_OK_LINKS"> 
    <Message>No outgoing OK flow(s) for the operation 'Organizer2Reservation'</Message> 
  </Warning>  
  <Warning error="false" xpath="id('sv3#area10#switch1')" rootXPath="id('sv3')" key="MISSING_NO_CODE_OK_LINK" label="Switch1"> 
    <Message>No default OK flow is specified for the component 'Switch1'</Message> 
  </Warning>  
  <Warning xpath="id('sv3#area10#opg4#cnu17')" rootXPath="id('sv3')" error="false" label="Organizer2Event" key="NO_OUTGOING_KO_LINKS"> 
    <Message>No outgoing KO flow(s) for the operation 'Organizer2Event'</Message> 
  </Warning>  
  <Warning xpath="id('sv3#area10#opg4#cnu18')" rootXPath="id('sv3')" error="false" label="Event2Races" key="NO_OUTGOING_KO_LINKS"> 
    <Message>No outgoing KO flow(s) for the operation 'Event2Races'</Message> 
  </Warning>  
  <Warning xpath="id('sv3#area10#opg4#cru10')" rootXPath="id('sv3')" error="false" label="CreateEvent" key="NO_OUTGOING_KO_LINKS"> 
    <Message>No outgoing KO flow(s) for the operation 'CreateEvent'</Message> 
  </Warning>  
  <Warning xpath="id('sv3#area10#opg4#mfu5')" rootXPath="id('sv3')" error="false" label="UpdateEvent" key="NO_OUTGOING_KO_LINKS"> 
    <Message>No outgoing KO flow(s) for the operation 'UpdateEvent'</Message> 
  </Warning>  
  <Warning xpath="id('sv3#area10#inn4#oln36#par277')" rootXPath="id('sv3')" error="false" label="UserCtxParam.oid_PASSING_Organizer.oid(EventToOrganizer)"> 
    <Message>The relationship role 'EventToOrganizer' is not modifiable because the column '' is used as key column</Message> 
  </Warning>
  <Warning xpath="id('sv3#area10#inn4#oln36#par351')" rootXPath="id('sv3')" error="false" label="EventCategory_PASSING_EventCategory.oid(EventToEventCategory)"> 
    <Message>The relationship role 'EventToEventCategory' is not modifiable because the column '' is used as key column</Message> 
  </Warning>  
  <Warning xpath="id('sv3#area10#opg4#cnu11')" rootXPath="id('sv3')" error="false" label="Event2Races" key="NO_OUTGOING_KO_LINKS"> 
    <Message>No outgoing KO flow(s) for the operation 'Event2Races'</Message> 
  </Warning>  
  <Warning xpath="id('sv3#area10#opg4#cnu14')" rootXPath="id('sv3')" error="false" label="Event2EventCategory" key="NO_OUTGOING_KO_LINKS"> 
    <Message>No outgoing KO flow(s) for the operation 'Event2EventCategory'</Message> 
  </Warning>  
  <Warning xpath="id('sv3#area10#opg1#cnu12')" rootXPath="id('sv3')" error="false" label="Pilot2Event" key="NO_OUTGOING_KO_LINKS"> 
    <Message>No outgoing KO flow(s) for the operation 'Pilot2Event'</Message> 
  </Warning>  
  <Warning xpath="id('sv3#area10#opg1#mfu3')" rootXPath="id('sv3')" error="false" label="ConfirmApplication" key="NO_OUTGOING_KO_LINKS"> 
    <Message>No outgoing KO flow(s) for the operation 'ConfirmApplication'</Message> 
  </Warning>  
  <Warning xpath="id('sv3#area10#opg1#cnu13')" rootXPath="id('sv3')" error="false" label="Pilot2Races" key="NO_OUTGOING_KO_LINKS"> 
    <Message>No outgoing KO flow(s) for the operation 'Pilot2Races'</Message> 
  </Warning>  
  <Warning error="false" xpath="id('sv3#area8#lou2')" rootXPath="id('sv3')" key="" label="OrganizerLogout"> 
    <Message>Security Warning: the Logout operation 'OrganizerLogout' does not have the 'Invalidate Session' flag enabled.</Message>  
    <Resolution message="Set Invalidate Session" class="com.webratio.ide.ui.resources.ChangeAttributeResolutionGenerator" attribute="invalidateSession" value="true">Set Invalidate Session</Resolution> 
  </Warning>  
  <Warning error="false" xpath="id('sv3#area10#page27#dau12')" rootXPath="id('sv3')" key="NO_DISPLAY_ATTRIBUTES" label="ApplicationToConfirm"> 
    <Message>No attributes to display are specified for the component 'ApplicationToConfirm'</Message> 
  </Warning>  
  <Warning error="false" xpath="id('sv3#area10#page28#dau13')" rootXPath="id('sv3')" key="NO_DISPLAY_ATTRIBUTES" label="EventDetail"> 
    <Message>No attributes to display are specified for the component 'EventDetail'</Message> 
  </Warning>  
  <Warning error="false" xpath="id('sv3#area10#page28#inu36')" rootXPath="id('sv3')" key="NO_DISPLAY_ATTRIBUTES" label="ApplicationsNotYetConfirmed"> 
    <Message>No attributes to display are specified for the component 'ApplicationsNotYetConfirmed'</Message> 
  </Warning>  
  <Warning error="false" xpath="id('sv3#area10#page28#inu36')" rootXPath="id('sv3')" key="UNSPECIFIED_SORTING_ATTRIBUTE" label="ApplicationsNotYetConfirmed"> 
    <Message>Sorting attribute are unspecified for the component 'ApplicationsNotYetConfirmed'</Message> 
  </Warning>  
  <Warning error="false" xpath="id('sv3#area10#page26#dau11')" rootXPath="id('sv3')" key="NO_DISPLAY_ATTRIBUTES" label="ConfAppDet"> 
    <Message>No attributes to display are specified for the component 'ConfAppDet'</Message> 
  </Warning>  
  <Warning error="false" xpath="id('sv3#area10#page31#hinu1')" rootXPath="id('sv3')" key="NO_DISPLAY_ATTRIBUTES" label="KC_Tracks"> 
    <Message>No attributes to display are specified for the component 'KC_Tracks'</Message> 
  </Warning>  
  <Warning error="false" xpath="id('sv3#area10#page31#hinu1')" rootXPath="id('sv3')" key="UNSPECIFIED_SORTING_ATTRIBUTE" label="KC_Tracks"> 
    <Message>Sorting attribute are unspecified for the component 'KC_Tracks'</Message> 
  </Warning>  
  <Warning error="false" xpath="id('sv3#area10#page31#hinu1#hiulvl1')" rootXPath="id('sv3')" key="NO_DISPLAY_ATTRIBUTES" label="L1KC"> 
    <Message>No attributes to display are specified for the component 'L1KC'</Message> 
  </Warning>  
  <Warning error="false" xpath="id('sv3#area10#page31#hinu1#hiulvl1')" rootXPath="id('sv3')" key="UNSPECIFIED_SORTING_ATTRIBUTE" label="L1KC"> 
    <Message>Sorting attribute are unspecified for the component 'L1KC'</Message> 
  </Warning>  
  <Warning error="false" xpath="id('sv3#area10#page31#dau7')" rootXPath="id('sv3')" key="NO_DISPLAY_ATTRIBUTES" label="Timetable"> 
    <Message>No attributes to display are specified for the component 'Timetable'</Message> 
  </Warning>  
  <Warning error="false" xpath="id('sv3#area10#page29#mciu4')" rootXPath="id('sv3')" key="UNSPECIFIED_SORTING_ATTRIBUTE" label="SelPilots"> 
    <Message>Sorting attribute are unspecified for the component 'SelPilots'</Message> 
  </Warning>  
  <Warning error="false" xpath="id('sv3#area8#page20#scu5')" rootXPath="id('sv3')" key="UNSPECIFIED_SORTING_ATTRIBUTE" label="MyEvents"> 
    <Message>Sorting attribute are unspecified for the component 'MyEvents'</Message> 
  </Warning>  
  <Warning error="false" xpath="id('sv3#area8#page20#inu11')" rootXPath="id('sv3')" key="NO_DISPLAY_ATTRIBUTES" label="MyEvents"> 
    <Message>No attributes to display are specified for the component 'MyEvents'</Message> 
  </Warning>  
  <Warning error="false" xpath="id('sv3#area8#page20#inu11')" rootXPath="id('sv3')" key="UNSPECIFIED_SORTING_ATTRIBUTE" label="MyEvents"> 
    <Message>Sorting attribute are unspecified for the component 'MyEvents'</Message> 
  </Warning>  
  <Warning error="false" xpath="id('sv3#area8#page20#hinu2')" rootXPath="id('sv3')" key="NO_DISPLAY_ATTRIBUTES" label="Events_Applications"> 
    <Message>No attributes to display are specified for the component 'Events_Applications'</Message> 
  </Warning>  
  <Warning error="false" xpath="id('sv3#area8#page20#hinu2')" rootXPath="id('sv3')" key="UNSPECIFIED_SORTING_ATTRIBUTE" label="Events_Applications"> 
    <Message>Sorting attribute are unspecified for the component 'Events_Applications'</Message> 
  </Warning>  
  <Warning error="false" xpath="id('sv3#area8#page20#hinu2#hiulvl2')" rootXPath="id('sv3')" key="NO_DISPLAY_ATTRIBUTES" label="Level2"> 
    <Message>No attributes to display are specified for the component 'Level2'</Message> 
  </Warning>  
  <Warning error="false" xpath="id('sv3#area8#page20#hinu2#hiulvl2')" rootXPath="id('sv3')" key="UNSPECIFIED_SORTING_ATTRIBUTE" label="Level2"> 
    <Message>Sorting attribute are unspecified for the component 'Level2'</Message> 
  </Warning>  
  <Warning xpath="id('sv3#area10#page27')" rootXPath="id('sv3')" label="ConfirmApplication"> 
    <Message>Security Warning: the public page 'ConfirmApplication' shows information about the user</Message>  
    <Resolution class="com.webratio.ide.ui.resources.ChangeAttributeResolutionGenerator" attribute="protected" value="true">Protect the page</Resolution> 
  </Warning>  
  <Warning xpath="id('sv3#area10#page29')" rootXPath="id('sv3')" label="SelectPilots"> 
    <Message>Security Warning: the public page 'SelectPilots' shows information about the user</Message>  
    <Resolution class="com.webratio.ide.ui.resources.ChangeAttributeResolutionGenerator" attribute="protected" value="true">Protect the page</Resolution> 
  </Warning>  
  <Warning error="false" xpath="id('sv3#area10#page22')" rootXPath="id('sv3')" key="" label="Form4Race"> 
    <Message>Security Warning: the page 'Form4Race' is public but no captcha field is configured on its form component</Message> 
  </Warning>  
  <Warning error="false" xpath="id('sv3#area10#page30')" rootXPath="id('sv3')" key="" label="EditOrCreateEvent"> 
    <Message>Security Warning: the page 'EditOrCreateEvent' is public but no captcha field is configured on its form component</Message> 
  </Warning>  
  <Warning error="false" xpath="id('sv3#area10#page31')" rootXPath="id('sv3')" key="" label="CreateRace"> 
    <Message>Security Warning: the page 'CreateRace' is orphan</Message> 
  </Warning> 
</Warnings>
