<?xml version="1.0" encoding="UTF-8"?>

<Warnings> 
  <Warning xpath="id('password')" rootXPath="/WebProject/DataModel" label="password" tab="mapping"> 
    <Message>Security Warning: the 'password' attribute is not encrypted</Message>  
    <Resolution class="com.webratio.ide.ui.resources.ChangeAttributeResolutionGenerator" attribute="db:cryptAlgorithm" value="com.webratio.rtx.core.PBKDF2WithHmacSHA1CryptImplementation">Set the 'Crypt Algorithm' property to 'PBKDF2WithHmacSHA1'</Resolution> 
  </Warning>
  <Warning xpath="id('ent1#att77')" rootXPath="/WebProject/DataModel" error="false" label="nRaces" key="INCOMPATIBLE_TYPE_WARNING"> 
    <Message>The expected type of the attribute 'nRaces' is 'decimal', but found 'integer' for the database type 'NUMERIC'</Message>  
    <Resolution class="com.webratio.ide.ui.resources.ChangeAttributeResolutionGenerator" attribute="type" value="decimal">Set attribute type to 'decimal'</Resolution> 
  </Warning>
  <Warning xpath="id('ent1#att78')" rootXPath="/WebProject/DataModel" error="false" label="nPilots" key="INCOMPATIBLE_TYPE_WARNING"> 
    <Message>The expected type of the attribute 'nPilots' is 'decimal', but found 'integer' for the database type 'NUMERIC'</Message>  
    <Resolution class="com.webratio.ide.ui.resources.ChangeAttributeResolutionGenerator" attribute="type" value="decimal">Set attribute type to 'decimal'</Resolution> 
  </Warning>
  <Warning xpath="id('ent1#att79')" rootXPath="/WebProject/DataModel" error="false" label="nEvents" key="INCOMPATIBLE_TYPE_WARNING"> 
    <Message>The expected type of the attribute 'nEvents' is 'decimal', but found 'integer' for the database type 'NUMERIC'</Message>  
    <Resolution class="com.webratio.ide.ui.resources.ChangeAttributeResolutionGenerator" attribute="type" value="decimal">Set attribute type to 'decimal'</Resolution> 
  </Warning>
  <Warning xpath="id('ent1#att32')" rootXPath="/WebProject/DataModel" error="false" label="avgReviewScore" key="INCOMPATIBLE_TYPE_WARNING"> 
    <Message>The expected type of the attribute 'avgReviewScore' is 'decimal', but found 'float' for the database type 'NUMERIC'</Message>  
    <Resolution class="com.webratio.ide.ui.resources.ChangeAttributeResolutionGenerator" attribute="type" value="decimal">Set attribute type to 'decimal'</Resolution> 
  </Warning>
  <Warning xpath="id('ent2#att70')" rootXPath="/WebProject/DataModel" error="false" label="nRentalGoKarts" key="INCOMPATIBLE_TYPE_WARNING"> 
    <Message>The expected type of the attribute 'nRentalGoKarts' is 'decimal', but found 'integer' for the database type 'NUMERIC'</Message>  
    <Resolution class="com.webratio.ide.ui.resources.ChangeAttributeResolutionGenerator" attribute="type" value="decimal">Set attribute type to 'decimal'</Resolution> 
  </Warning>
  <Warning xpath="id('ent2#att75')" rootXPath="/WebProject/DataModel" error="false" label="nRaces" key="INCOMPATIBLE_TYPE_WARNING"> 
    <Message>The expected type of the attribute 'nRaces' is 'decimal', but found 'integer' for the database type 'NUMERIC'</Message>  
    <Resolution class="com.webratio.ide.ui.resources.ChangeAttributeResolutionGenerator" attribute="type" value="decimal">Set attribute type to 'decimal'</Resolution> 
  </Warning>
  <Warning xpath="id('ent2#att76')" rootXPath="/WebProject/DataModel" error="false" label="nEvents" key="INCOMPATIBLE_TYPE_WARNING"> 
    <Message>The expected type of the attribute 'nEvents' is 'decimal', but found 'integer' for the database type 'NUMERIC'</Message>  
    <Resolution class="com.webratio.ide.ui.resources.ChangeAttributeResolutionGenerator" attribute="type" value="decimal">Set attribute type to 'decimal'</Resolution> 
  </Warning>
  <Warning xpath="id('ent2#att80')" rootXPath="/WebProject/DataModel" error="false" label="nPilots" key="INCOMPATIBLE_TYPE_WARNING"> 
    <Message>The expected type of the attribute 'nPilots' is 'decimal', but found 'integer' for the database type 'NUMERIC'</Message>  
    <Resolution class="com.webratio.ide.ui.resources.ChangeAttributeResolutionGenerator" attribute="type" value="decimal">Set attribute type to 'decimal'</Resolution> 
  </Warning>
  <Warning xpath="id('ent2#att109')" rootXPath="/WebProject/DataModel" error="false" label="avgReviewScore" key="INCOMPATIBLE_TYPE_WARNING"> 
    <Message>The expected type of the attribute 'avgReviewScore' is 'decimal', but found 'float' for the database type 'NUMERIC'</Message>  
    <Resolution class="com.webratio.ide.ui.resources.ChangeAttributeResolutionGenerator" attribute="type" value="decimal">Set attribute type to 'decimal'</Resolution> 
  </Warning>
  <Warning xpath="id('ent7#att39')" rootXPath="/WebProject/DataModel" error="false" label="nPartecipants" key="INCOMPATIBLE_TYPE_WARNING"> 
    <Message>The expected type of the attribute 'nPartecipants' is 'decimal', but found 'integer' for the database type 'NUMERIC'</Message>  
    <Resolution class="com.webratio.ide.ui.resources.ChangeAttributeResolutionGenerator" attribute="type" value="decimal">Set attribute type to 'decimal'</Resolution> 
  </Warning>
  <Warning xpath="id('ent9#att38')" rootXPath="/WebProject/DataModel" error="false" label="nPartecipants" key="INCOMPATIBLE_TYPE_WARNING"> 
    <Message>The expected type of the attribute 'nPartecipants' is 'decimal', but found 'integer' for the database type 'NUMERIC'</Message>  
    <Resolution class="com.webratio.ide.ui.resources.ChangeAttributeResolutionGenerator" attribute="type" value="decimal">Set attribute type to 'decimal'</Resolution> 
  </Warning>
  <Warning xpath="id('ent9#att43')" rootXPath="/WebProject/DataModel" error="false" label="nRaces" key="INCOMPATIBLE_TYPE_WARNING"> 
    <Message>The expected type of the attribute 'nRaces' is 'decimal', but found 'integer' for the database type 'NUMERIC'</Message>  
    <Resolution class="com.webratio.ide.ui.resources.ChangeAttributeResolutionGenerator" attribute="type" value="decimal">Set attribute type to 'decimal'</Resolution> 
  </Warning>
  <Warning xpath="id('ent9#att48')" rootXPath="/WebProject/DataModel" error="false" label="nReviews" key="INCOMPATIBLE_TYPE_WARNING"> 
    <Message>The expected type of the attribute 'nReviews' is 'decimal', but found 'integer' for the database type 'NUMERIC'</Message>  
    <Resolution class="com.webratio.ide.ui.resources.ChangeAttributeResolutionGenerator" attribute="type" value="decimal">Set attribute type to 'decimal'</Resolution> 
  </Warning>
  <Warning xpath="id('ent9#att51')" rootXPath="/WebProject/DataModel" error="false" label="avgReviewScore" key="INCOMPATIBLE_TYPE_WARNING"> 
    <Message>The expected type of the attribute 'avgReviewScore' is 'decimal', but found 'float' for the database type 'NUMERIC'</Message>  
    <Resolution class="com.webratio.ide.ui.resources.ChangeAttributeResolutionGenerator" attribute="type" value="decimal">Set attribute type to 'decimal'</Resolution> 
  </Warning> 
</Warnings>
