<?xml version="1.0" encoding="UTF-8"?>

<Warnings> 
  <Warning xpath="id('sv2#area11#miu4#oln46#par560')" rootXPath="id('sv2')" key="UNUSED_PASSING_PARAMETER" label="oid_Race_PASSING"> 
    <Message>The passing parameter 'oid_Race_PASSING' is declared but never used</Message>  
    <Resolution class="com.webratio.ide.ui.resources.RemoveElementResolutionGenerator">Remove the invalid link parameter 'sv2#area11#miu4#oln46#par560'</Resolution> 
  </Warning>  
  <Warning xpath="id('sv2#area7#opg21#cnu8#oln41#par418')" rootXPath="id('sv2')" key="UNUSED_PASSING_PARAMETER" label="Source oid [Event]_PASSING"> 
    <Message>The passing parameter 'Source oid [Event]_PASSING' is declared but never used</Message>  
    <Resolution class="com.webratio.ide.ui.resources.RemoveElementResolutionGenerator">Remove the invalid link parameter 'sv2#area7#opg21#cnu8#oln41#par418'</Resolution> 
  </Warning>  
  <Warning xpath="id('sv2#area11#cnu26#kln16')" rootXPath="id('sv2')" key="AUTOMATIC_COUPLING_WITHOUT_EFFECT" label="KOFlow16"> 
    <Message>Neither explicit nor implicit parameters' bindings could be found for the flow 'KOFlow16'</Message>  
    <Resolution class="com.webratio.ide.ui.resources.ChangeAttributeResolutionGenerator" attribute="automaticCoupling" value="">Remove the 'Automatic Coupling' property</Resolution> 
  </Warning>  
  <Warning xpath="id('sv2#area11#miu4#kln15')" rootXPath="id('sv2')" key="AUTOMATIC_COUPLING_WITHOUT_EFFECT" label="KOFlow15"> 
    <Message>Neither explicit nor implicit parameters' bindings could be found for the flow 'KOFlow15'</Message>  
    <Resolution class="com.webratio.ide.ui.resources.ChangeAttributeResolutionGenerator" attribute="automaticCoupling" value="">Remove the 'Automatic Coupling' property</Resolution> 
  </Warning>  
  <Warning xpath="id('sv2#area7#opg2#kln13')" rootXPath="id('sv2')" key="AUTOMATIC_COUPLING_WITHOUT_EFFECT" label="KOFlow13"> 
    <Message>Neither explicit nor implicit parameters' bindings could be found for the flow 'KOFlow13'</Message>  
    <Resolution class="com.webratio.ide.ui.resources.ChangeAttributeResolutionGenerator" attribute="automaticCoupling" value="">Remove the 'Automatic Coupling' property</Resolution> 
  </Warning>  
  <Warning xpath="id('sv2#area11#miu14')" rootXPath="id('sv2')" error="false" label="sv2#area11#miu14" key="NO_OUTGOING_KO_LINKS"> 
    <Message>No outgoing KO flow(s) for the operation 'sv2#area11#miu14'</Message> 
  </Warning>  
  <Warning error="false" xpath="id('sv2#area5#lou1')" rootXPath="id('sv2')" key="" label="PilotLogout"> 
    <Message>Security Warning: the Logout operation 'PilotLogout' does not have the 'Invalidate Session' flag enabled.</Message>  
    <Resolution message="Set Invalidate Session" class="com.webratio.ide.ui.resources.ChangeAttributeResolutionGenerator" attribute="invalidateSession" value="true">Set Invalidate Session</Resolution> 
  </Warning>  
  <Warning xpath="id('sv2#area6#opg18#cru2')" rootXPath="id('sv2')" error="false" label="CreateKCReview" key="NO_OUTGOING_KO_LINKS"> 
    <Message>No outgoing KO flow(s) for the operation 'CreateKCReview'</Message> 
  </Warning>  
  <Warning xpath="id('sv2#area6#opg18#cnu7')" rootXPath="id('sv2')" error="false" label="KCReview2Pilot" key="NO_OUTGOING_KO_LINKS"> 
    <Message>No outgoing KO flow(s) for the operation 'KCReview2Pilot'</Message> 
  </Warning>  
  <Warning xpath="id('sv2#area6#opg18#cnu9')" rootXPath="id('sv2')" error="false" label="KCReview2KartingCenter" key="NO_OUTGOING_KO_LINKS"> 
    <Message>No outgoing KO flow(s) for the operation 'KCReview2KartingCenter'</Message> 
  </Warning>  
  <Warning xpath="id('sv2#area6#opg19#cru4')" rootXPath="id('sv2')" error="false" label="CreateTrackReview" key="NO_OUTGOING_KO_LINKS"> 
    <Message>No outgoing KO flow(s) for the operation 'CreateTrackReview'</Message> 
  </Warning>  
  <Warning xpath="id('sv2#area6#opg19#cnu10')" rootXPath="id('sv2')" error="false" label="TrackReview2Pilot" key="NO_OUTGOING_KO_LINKS"> 
    <Message>No outgoing KO flow(s) for the operation 'TrackReview2Pilot'</Message> 
  </Warning>  
  <Warning xpath="id('sv2#area6#opg19#cnu12')" rootXPath="id('sv2')" error="false" label="TrackReviewToTrack" key="NO_OUTGOING_KO_LINKS"> 
    <Message>No outgoing KO flow(s) for the operation 'TrackReviewToTrack'</Message> 
  </Warning>  
  <Warning xpath="id('sv2#area7#opg2#cru3')" rootXPath="id('sv2')" error="false" label="CreateApplication" key="NO_OUTGOING_KO_LINKS"> 
    <Message>No outgoing KO flow(s) for the operation 'CreateApplication'</Message> 
  </Warning>  
  <Warning xpath="id('sv2#area7#opg2#cnu5')" rootXPath="id('sv2')" error="false" label="Application2Pilot" key="NO_OUTGOING_KO_LINKS"> 
    <Message>No outgoing KO flow(s) for the operation 'Application2Pilot'</Message> 
  </Warning>  
  <Warning xpath="id('sv2#area7#opg2#cnu6')" rootXPath="id('sv2')" error="false" label="Application2Event" key="NO_OUTGOING_KO_LINKS"> 
    <Message>No outgoing KO flow(s) for the operation 'Application2Event'</Message> 
  </Warning>  
  <Warning xpath="id('sv2#area7#opg21#cru1')" rootXPath="id('sv2')" error="false" label="EventReview" key="NO_OUTGOING_KO_LINKS"> 
    <Message>No outgoing KO flow(s) for the operation 'EventReview'</Message> 
  </Warning>  
  <Warning xpath="id('sv2#area7#opg21#cnu4')" rootXPath="id('sv2')" error="false" label="EReview2Pilot" key="NO_OUTGOING_KO_LINKS"> 
    <Message>No outgoing KO flow(s) for the operation 'EReview2Pilot'</Message> 
  </Warning>  
  <Warning xpath="id('sv2#area7#opg21#cnu8')" rootXPath="id('sv2')" error="false" label="EReview2Event" key="NO_OUTGOING_KO_LINKS"> 
    <Message>No outgoing KO flow(s) for the operation 'EReview2Event'</Message> 
  </Warning>  
  <Warning error="false" xpath="id('sv2#area11#page103#inu70')" rootXPath="id('sv2')" key="UNSPECIFIED_SORTING_ATTRIBUTE" label="MyNotConfirmedReservations"> 
    <Message>Sorting attribute are unspecified for the component 'MyNotConfirmedReservations'</Message> 
  </Warning>  
  <Warning error="false" xpath="id('sv2#area11#page103#inu39')" rootXPath="id('sv2')" key="UNSPECIFIED_SORTING_ATTRIBUTE" label="MyConfirmedReservations"> 
    <Message>Sorting attribute are unspecified for the component 'MyConfirmedReservations'</Message> 
  </Warning>  
  <Warning error="false" xpath="id('sv2#area5#page3#mdu4')" rootXPath="id('sv2')" key="UNSPECIFIED_SORTING_ATTRIBUTE" label="MyConfirmedEvents"> 
    <Message>Sorting attribute are unspecified for the component 'MyConfirmedEvents'</Message> 
  </Warning>  
  <Warning error="false" xpath="id('sv2#area5#page3#scu2')" rootXPath="id('sv2')" key="UNSPECIFIED_SORTING_ATTRIBUTE" label="MyRaces"> 
    <Message>Sorting attribute are unspecified for the component 'MyRaces'</Message> 
  </Warning>  
  <Warning error="false" xpath="id('sv2#area5#page3#pwu3')" rootXPath="id('sv2')" key="UNSPECIFIED_SORTING_ATTRIBUTE" label="MyRaces"> 
    <Message>Sorting attribute are unspecified for the component 'MyRaces'</Message> 
  </Warning>  
  <Warning error="false" xpath="id('sv2#area6#page54#inu49')" rootXPath="id('sv2')" key="UNSPECIFIED_SORTING_ATTRIBUTE" label="MyPastRaces"> 
    <Message>Sorting attribute are unspecified for the component 'MyPastRaces'</Message> 
  </Warning>  
  <Warning error="false" xpath="id('sv2#area6#page17#inu38')" rootXPath="id('sv2')" key="UNSPECIFIED_SORTING_ATTRIBUTE" label="LapTimes"> 
    <Message>Sorting attribute are unspecified for the component 'LapTimes'</Message> 
  </Warning>  
  <Warning error="false" xpath="id('sv2#area7#page19#scu4')" rootXPath="id('sv2')" key="UNSPECIFIED_SORTING_ATTRIBUTE" label="Events"> 
    <Message>Sorting attribute are unspecified for the component 'Events'</Message> 
  </Warning>  
  <Warning error="false" xpath="id('sv2#area7#page19#inu34')" rootXPath="id('sv2')" key="UNSPECIFIED_SORTING_ATTRIBUTE" label="AppliedButNotYetConfirmedEvents"> 
    <Message>Sorting attribute are unspecified for the component 'AppliedButNotYetConfirmedEvents'</Message> 
  </Warning>  
  <Warning error="false" xpath="id('sv2#area7#page19#inu26')" rootXPath="id('sv2')" key="UNSPECIFIED_SORTING_ATTRIBUTE" label="UpcomingEventsNotAppliedTo"> 
    <Message>Sorting attribute are unspecified for the component 'UpcomingEventsNotAppliedTo'</Message> 
  </Warning>  
  <Warning error="false" xpath="id('sv2#area7#page19#pwu4')" rootXPath="id('sv2')" key="UNSPECIFIED_SORTING_ATTRIBUTE" label="ConfirmedEvents"> 
    <Message>Sorting attribute are unspecified for the component 'ConfirmedEvents'</Message> 
  </Warning>  
  <Warning error="false" xpath="id('sv2#area7#page29#inu48')" rootXPath="id('sv2')" key="UNSPECIFIED_SORTING_ATTRIBUTE" label="PastEvent"> 
    <Message>Sorting attribute are unspecified for the component 'PastEvent'</Message> 
  </Warning>  
  <Warning xpath="id('sv2#area5#page3#dau4')" rootXPath="id('sv2')" label="CurrentPilot"> 
    <Message>Security Warning: the component 'CurrentPilot' shows the password attributes</Message>  
    <Resolution class="com.webratio.ide.ui.resources.RemoveShownPasswordAttributesResolutionGenerator">Remove the attribute from the display attributes</Resolution> 
  </Warning>  
  <Warning xpath="id('sv2#area5#page3')" rootXPath="id('sv2')" label="HomePage"> 
    <Message>Security Warning: the public page 'HomePage' shows information about the user</Message>  
    <Resolution class="com.webratio.ide.ui.resources.ChangeAttributeResolutionGenerator" attribute="protected" value="true">Protect the page</Resolution> 
  </Warning>  
  <Warning xpath="id('sv2#area7#page23')" rootXPath="id('sv2')" label="ApplyToEvent"> 
    <Message>Security Warning: the public page 'ApplyToEvent' shows information about the user</Message>  
    <Resolution class="com.webratio.ide.ui.resources.ChangeAttributeResolutionGenerator" attribute="protected" value="true">Protect the page</Resolution> 
  </Warning>  
  <Warning xpath="id('sv2#area11#page103')" rootXPath="id('sv2')" label="MyReservations"> 
    <Message>Security Warning: the public page 'MyReservations' shows information about the user</Message>  
    <Resolution class="com.webratio.ide.ui.resources.ChangeAttributeResolutionGenerator" attribute="protected" value="true">Protect the page</Resolution> 
  </Warning>  
  <Warning error="false" xpath="id('sv2#area11#page40')" rootXPath="id('sv2')" key="" label="Confirm"> 
    <Message>Security Warning: the page 'Confirm' is public but no captcha field is configured on its form component</Message> 
  </Warning>  
  <Warning error="false" xpath="id('sv2#area7#page23')" rootXPath="id('sv2')" key="" label="ApplyToEvent"> 
    <Message>Security Warning: the page 'ApplyToEvent' is public but no captcha field is configured on its form component</Message> 
  </Warning>  
  <Warning error="false" xpath="id('sv2#area7#page38')" rootXPath="id('sv2')" key="" label="EventReview"> 
    <Message>Security Warning: the page 'EventReview' is public but no captcha field is configured on its form component</Message> 
  </Warning>  
  <Warning error="false" xpath="id('sv2#area6#page55')" rootXPath="id('sv2')" key="" label="KartingCenterReview"> 
    <Message>Security Warning: the page 'KartingCenterReview' is public but no captcha field is configured on its form component</Message> 
  </Warning>  
  <Warning error="false" xpath="id('sv2#area6#page51')" rootXPath="id('sv2')" key="" label="TrackReview"> 
    <Message>Security Warning: the page 'TrackReview' is public but no captcha field is configured on its form component</Message> 
  </Warning> 
</Warnings>
