<?xml version="1.0" encoding="UTF-8"?>

<Warnings> 
  <Warning xpath="id('sv5#area15#page48#gtu12#ln165#par344')" rootXPath="id('sv5')" key="UNUSED_PASSING_PARAMETER" label="UserCtxParam.oid_PASSING"> 
    <Message>The passing parameter 'UserCtxParam.oid_PASSING' is declared but never used</Message>  
    <Resolution class="com.webratio.ide.ui.resources.RemoveElementResolutionGenerator">Remove the invalid link parameter 'sv5#area15#page48#gtu12#ln165#par344'</Resolution> 
  </Warning>  
  <Warning xpath="id('sv5#area16#page47#gtu11#ln160#par342')" rootXPath="id('sv5')" key="UNUSED_PASSING_PARAMETER" label="UserCtxParam.oid_PASSING"> 
    <Message>The passing parameter 'UserCtxParam.oid_PASSING' is declared but never used</Message>  
    <Resolution class="com.webratio.ide.ui.resources.RemoveElementResolutionGenerator">Remove the invalid link parameter 'sv5#area16#page47#gtu11#ln160#par342'</Resolution> 
  </Warning>  
  <Warning xpath="id('sv5#area16#page45#enu6#ln135#par227')" rootXPath="id('sv5')" key="UNUSED_PASSING_PARAMETER" label="oid_PASSING"> 
    <Message>The passing parameter 'oid_PASSING' is declared but never used</Message>  
    <Resolution class="com.webratio.ide.ui.resources.RemoveElementResolutionGenerator">Remove the invalid link parameter 'sv5#area16#page45#enu6#ln135#par227'</Resolution> 
  </Warning>  
  <Warning xpath="id('sv5#area17#page46#enu7#ln159#par345')" rootXPath="id('sv5')" key="UNUSED_PASSING_PARAMETER" label="Key [oid]_PASSING"> 
    <Message>The passing parameter 'Key [oid]_PASSING' is declared but never used</Message>  
    <Resolution class="com.webratio.ide.ui.resources.RemoveElementResolutionGenerator">Remove the invalid link parameter 'sv5#area17#page46#enu7#ln159#par345'</Resolution> 
  </Warning>  
  <Warning xpath="id('sv5#area9#page42#gtu5#ln91#par71')" rootXPath="id('sv5')" key="UNUSED_PASSING_PARAMETER" label="UserCtxParam.oid_PASSING"> 
    <Message>The passing parameter 'UserCtxParam.oid_PASSING' is declared but never used</Message>  
    <Resolution class="com.webratio.ide.ui.resources.RemoveElementResolutionGenerator">Remove the invalid link parameter 'sv5#area9#page42#gtu5#ln91#par71'</Resolution> 
  </Warning>  
  <Warning xpath="id('sv5#area15#miu6')" rootXPath="id('sv5')" error="false" label="sv5#area15#miu6" key="NO_OUTGOING_OK_LINKS"> 
    <Message>No outgoing OK flow(s) for the operation 'sv5#area15#miu6'</Message> 
  </Warning>  
  <Warning xpath="id('sv5#area15#miu6')" rootXPath="id('sv5')" error="false" label="sv5#area15#miu6" key="NO_OUTGOING_KO_LINKS"> 
    <Message>No outgoing KO flow(s) for the operation 'sv5#area15#miu6'</Message> 
  </Warning>  
  <Warning xpath="id('sv5#area15#mfu1')" rootXPath="id('sv5')" error="false" label="UpdateTrack" key="NO_OUTGOING_KO_LINKS"> 
    <Message>No outgoing KO flow(s) for the operation 'UpdateTrack'</Message> 
  </Warning>  
  <Warning xpath="id('sv5#area15#inn1#oln41#par92')" rootXPath="id('sv5')" error="false" label="City_PASSING_City.oid(TrackToCity)"> 
    <Message>The relationship role 'TrackToCity' is not modifiable because the column '' is used as key column</Message> 
  </Warning>
  <Warning xpath="id('sv5#area15#inn1#oln41#par93')" rootXPath="id('sv5')" error="false" label="TrackAsphalt_PASSING_TrackAsphalt.oid(TrackToTrackAsphalt)"> 
    <Message>The relationship role 'TrackToTrackAsphalt' is not modifiable because the column '' is used as key column</Message> 
  </Warning>
  <Warning xpath="id('sv5#area15#inn1#oln41#par94')" rootXPath="id('sv5')" error="false" label="TrackDifficulty_PASSING_TrackDifficulty.oid(TrackToTrackDifficulty)"> 
    <Message>The relationship role 'TrackToTrackDifficulty' is not modifiable because the column '' is used as key column</Message> 
  </Warning>  
  <Warning xpath="id('sv5#area15#cru2')" rootXPath="id('sv5')" error="false" label="CreateTrack" key="NO_OUTGOING_KO_LINKS"> 
    <Message>No outgoing KO flow(s) for the operation 'CreateTrack'</Message> 
  </Warning>  
  <Warning xpath="id('sv5#area15#inn1#kln11#par242')" rootXPath="id('sv5')" error="false" label="City_PASSING_City.oid(TrackToCity)"> 
    <Message>The relationship role 'TrackToCity' is not modifiable because the column '' is used as key column</Message> 
  </Warning>
  <Warning xpath="id('sv5#area15#inn1#kln11#par243')" rootXPath="id('sv5')" error="false" label="TrackAsphalt_PASSING_TrackAsphalt.oid(TrackToTrackAsphalt)"> 
    <Message>The relationship role 'TrackToTrackAsphalt' is not modifiable because the column '' is used as key column</Message> 
  </Warning>
  <Warning xpath="id('sv5#area15#inn1#kln11#par253')" rootXPath="id('sv5')" error="false" label="TrackDifficulty_PASSING_TrackDifficulty.oid(TrackToTrackDifficulty)"> 
    <Message>The relationship role 'TrackToTrackDifficulty' is not modifiable because the column '' is used as key column</Message> 
  </Warning>  
  <Warning xpath="id('sv5#area15#cnu7')" rootXPath="id('sv5')" error="false" label="Track2KartingCenter" key="NO_OUTGOING_KO_LINKS"> 
    <Message>No outgoing KO flow(s) for the operation 'Track2KartingCenter'</Message> 
  </Warning>  
  <Warning xpath="id('sv5#area15#cnu9')" rootXPath="id('sv5')" error="false" label="TrackToGoKartModels" key="NO_OUTGOING_KO_LINKS"> 
    <Message>No outgoing KO flow(s) for the operation 'TrackToGoKartModels'</Message> 
  </Warning>  
  <Warning xpath="id('sv5#area15#cnu10')" rootXPath="id('sv5')" error="false" label="TrackToGoKartModels" key="NO_OUTGOING_KO_LINKS"> 
    <Message>No outgoing KO flow(s) for the operation 'TrackToGoKartModels'</Message> 
  </Warning>  
  <Warning xpath="id('sv5#area16#miu7')" rootXPath="id('sv5')" error="false" label="sv5#area16#miu7" key="NO_OUTGOING_OK_LINKS"> 
    <Message>No outgoing OK flow(s) for the operation 'sv5#area16#miu7'</Message> 
  </Warning>  
  <Warning xpath="id('sv5#area16#miu7')" rootXPath="id('sv5')" error="false" label="sv5#area16#miu7" key="NO_OUTGOING_KO_LINKS"> 
    <Message>No outgoing KO flow(s) for the operation 'sv5#area16#miu7'</Message> 
  </Warning>  
  <Warning xpath="id('sv5#area16#mfu2')" rootXPath="id('sv5')" error="false" label="UpdateTrack" key="NO_OUTGOING_KO_LINKS"> 
    <Message>No outgoing KO flow(s) for the operation 'UpdateTrack'</Message> 
  </Warning>  
  <Warning xpath="id('sv5#area16#inn2#oln47#par236')" rootXPath="id('sv5')" error="false" label="RaceToTrack_PASSING_Track.oid(RaceToTrack)"> 
    <Message>The relationship role 'RaceToTrack' is not modifiable because the column '' is used as key column</Message> 
  </Warning>  
  <Warning xpath="id('sv5#area16#cru4')" rootXPath="id('sv5')" error="false" label="CreateTrack" key="NO_OUTGOING_KO_LINKS"> 
    <Message>No outgoing KO flow(s) for the operation 'CreateTrack'</Message> 
  </Warning>  
  <Warning xpath="id('sv5#area16#cnu4')" rootXPath="id('sv5')" error="false" label="Track2Race" key="NO_OUTGOING_KO_LINKS"> 
    <Message>No outgoing KO flow(s) for the operation 'Track2Race'</Message> 
  </Warning>  
  <Warning xpath="id('sv5#area16#cnu8')" rootXPath="id('sv5')" error="false" label="Race2Pilots" key="NO_OUTGOING_KO_LINKS"> 
    <Message>No outgoing KO flow(s) for the operation 'Race2Pilots'</Message> 
  </Warning>  
  <Warning xpath="id('sv5#area16#cnu15')" rootXPath="id('sv5')" error="false" label="Race2Pilots" key="NO_OUTGOING_KO_LINKS"> 
    <Message>No outgoing KO flow(s) for the operation 'Race2Pilots'</Message> 
  </Warning>  
  <Warning xpath="id('sv5#area17#miu8')" rootXPath="id('sv5')" error="false" label="sv5#area17#miu8" key="NO_OUTGOING_OK_LINKS"> 
    <Message>No outgoing OK flow(s) for the operation 'sv5#area17#miu8'</Message> 
  </Warning>  
  <Warning xpath="id('sv5#area17#miu8')" rootXPath="id('sv5')" error="false" label="sv5#area17#miu8" key="NO_OUTGOING_KO_LINKS"> 
    <Message>No outgoing KO flow(s) for the operation 'sv5#area17#miu8'</Message> 
  </Warning>  
  <Warning xpath="id('sv5#area17#mfu4')" rootXPath="id('sv5')" error="false" label="UpdatePilot" key="NO_OUTGOING_OK_LINKS"> 
    <Message>No outgoing OK flow(s) for the operation 'UpdatePilot'</Message> 
  </Warning>  
  <Warning xpath="id('sv5#area17#mfu4')" rootXPath="id('sv5')" error="false" label="UpdatePilot" key="NO_OUTGOING_KO_LINKS"> 
    <Message>No outgoing KO flow(s) for the operation 'UpdatePilot'</Message> 
  </Warning>  
  <Warning xpath="id('sv5#area17#cru5')" rootXPath="id('sv5')" error="false" label="Pilot" key="NO_OUTGOING_OK_LINKS"> 
    <Message>No outgoing OK flow(s) for the operation 'Pilot'</Message> 
  </Warning>  
  <Warning xpath="id('sv5#area17#cru5')" rootXPath="id('sv5')" error="false" label="Pilot" key="NO_OUTGOING_KO_LINKS"> 
    <Message>No outgoing KO flow(s) for the operation 'Pilot'</Message> 
  </Warning>  
  <Warning error="false" xpath="id('sv5#area9#lou3')" rootXPath="id('sv5')" key="" label="Logout"> 
    <Message>Security Warning: the Logout operation 'Logout' does not have the 'Invalidate Session' flag enabled.</Message>  
    <Resolution message="Set Invalidate Session" class="com.webratio.ide.ui.resources.ChangeAttributeResolutionGenerator" attribute="invalidateSession" value="true">Set Invalidate Session</Resolution> 
  </Warning>  
  <Warning error="false" xpath="id('sv5#area15#page48#inu43')" rootXPath="id('sv5')" key="NO_DISPLAY_ATTRIBUTES" label="Tracks"> 
    <Message>No attributes to display are specified for the component 'Tracks'</Message> 
  </Warning>  
  <Warning error="false" xpath="id('sv5#area15#page48#inu43')" rootXPath="id('sv5')" key="UNSPECIFIED_SORTING_ATTRIBUTE" label="Tracks"> 
    <Message>Sorting attribute are unspecified for the component 'Tracks'</Message> 
  </Warning>  
  <Warning error="false" xpath="id('sv5#area15#page44#dau18')" rootXPath="id('sv5')" key="NO_DISPLAY_ATTRIBUTES" label="Track"> 
    <Message>No attributes to display are specified for the component 'Track'</Message> 
  </Warning>  
  <Warning error="false" xpath="id('sv5#area15#page44#scu8')" rootXPath="id('sv5')" key="UNSPECIFIED_SORTING_ATTRIBUTE" label="ScrollRaces"> 
    <Message>Sorting attribute are unspecified for the component 'ScrollRaces'</Message> 
  </Warning>  
  <Warning error="false" xpath="id('sv5#area15#page44#inu41')" rootXPath="id('sv5')" key="NO_DISPLAY_ATTRIBUTES" label="Races"> 
    <Message>No attributes to display are specified for the component 'Races'</Message> 
  </Warning>  
  <Warning error="false" xpath="id('sv5#area15#page44#inu41')" rootXPath="id('sv5')" key="UNSPECIFIED_SORTING_ATTRIBUTE" label="Races"> 
    <Message>Sorting attribute are unspecified for the component 'Races'</Message> 
  </Warning>  
  <Warning error="false" xpath="id('sv5#area16#page47#inu42')" rootXPath="id('sv5')" key="NO_DISPLAY_ATTRIBUTES" label="Races"> 
    <Message>No attributes to display are specified for the component 'Races'</Message> 
  </Warning>  
  <Warning error="false" xpath="id('sv5#area16#page47#inu42')" rootXPath="id('sv5')" key="UNSPECIFIED_SORTING_ATTRIBUTE" label="Races"> 
    <Message>Sorting attribute are unspecified for the component 'Races'</Message> 
  </Warning>  
  <Warning error="false" xpath="id('sv5#area16#page45#dau19')" rootXPath="id('sv5')" key="NO_DISPLAY_ATTRIBUTES" label="Race"> 
    <Message>No attributes to display are specified for the component 'Race'</Message> 
  </Warning>  
  <Warning error="false" xpath="id('sv5#area17#page46#dau20')" rootXPath="id('sv5')" key="NO_DISPLAY_ATTRIBUTES" label="PilotDetail"> 
    <Message>No attributes to display are specified for the component 'PilotDetail'</Message> 
  </Warning>  
  <Warning error="false" xpath="id('sv5#area17#page49#dau22')" rootXPath="id('sv5')" key="NO_DISPLAY_ATTRIBUTES" label="MyKartingCenter"> 
    <Message>No attributes to display are specified for the component 'MyKartingCenter'</Message> 
  </Warning>  
  <Warning error="false" xpath="id('sv5#area17#page49#inu44')" rootXPath="id('sv5')" key="NO_DISPLAY_ATTRIBUTES" label="Pilots"> 
    <Message>No attributes to display are specified for the component 'Pilots'</Message> 
  </Warning>  
  <Warning error="false" xpath="id('sv5#area17#page49#inu44')" rootXPath="id('sv5')" key="UNSPECIFIED_SORTING_ATTRIBUTE" label="Pilots"> 
    <Message>Sorting attribute are unspecified for the component 'Pilots'</Message> 
  </Warning>  
  <Warning error="false" xpath="id('sv5#area17#page49#scu9')" rootXPath="id('sv5')" key="UNSPECIFIED_SORTING_ATTRIBUTE" label="ScrollPilots"> 
    <Message>Sorting attribute are unspecified for the component 'ScrollPilots'</Message> 
  </Warning>  
  <Warning error="false" xpath="id('sv5#area9#page42#dau16')" rootXPath="id('sv5')" key="NO_DISPLAY_ATTRIBUTES" label="MyKartingCenter"> 
    <Message>No attributes to display are specified for the component 'MyKartingCenter'</Message> 
  </Warning>  
  <Warning error="false" xpath="id('sv5#area9#page42#inu37')" rootXPath="id('sv5')" key="NO_DISPLAY_ATTRIBUTES" label="Tracks"> 
    <Message>No attributes to display are specified for the component 'Tracks'</Message> 
  </Warning>  
  <Warning error="false" xpath="id('sv5#area9#page42#inu37')" rootXPath="id('sv5')" key="UNSPECIFIED_SORTING_ATTRIBUTE" label="Tracks"> 
    <Message>Sorting attribute are unspecified for the component 'Tracks'</Message> 
  </Warning>  
  <Warning error="false" xpath="id('sv5#area9#page42#scu6')" rootXPath="id('sv5')" key="UNSPECIFIED_SORTING_ATTRIBUTE" label="ScrollPilots"> 
    <Message>Sorting attribute are unspecified for the component 'ScrollPilots'</Message> 
  </Warning>  
  <Warning error="false" xpath="id('sv5#area9#page42#inu40')" rootXPath="id('sv5')" key="NO_DISPLAY_ATTRIBUTES" label="Pilots"> 
    <Message>No attributes to display are specified for the component 'Pilots'</Message> 
  </Warning>  
  <Warning error="false" xpath="id('sv5#area9#page42#inu40')" rootXPath="id('sv5')" key="UNSPECIFIED_SORTING_ATTRIBUTE" label="Pilots"> 
    <Message>Sorting attribute are unspecified for the component 'Pilots'</Message> 
  </Warning>  
  <Warning xpath="id('sv5#area17#page46#enu7#fld18')" rootXPath="id('sv5')" label="password"> 
    <Message>Security Warning: the password field 'password' does not have any validation to ensure password strength</Message>  
    <Resolution class="com.webratio.ide.ui.resources.AddMissingValidationRuleResolutionGenerator" validationRuleName="PasswordStrengthValidationRule">Add missing Password Strength validation rule</Resolution> 
  </Warning>  
  <Warning xpath="id('sv5#area17#page46')" rootXPath="id('sv5')" label="PilotDetail"> 
    <Message>Security Warning: the public page 'PilotDetail' shows information about the user</Message>  
    <Resolution class="com.webratio.ide.ui.resources.ChangeAttributeResolutionGenerator" attribute="protected" value="true">Protect the page</Resolution> 
  </Warning>  
  <Warning xpath="id('sv5#area16#page45')" rootXPath="id('sv5')" label="RaceDetail"> 
    <Message>Security Warning: the public page 'RaceDetail' shows information about the user</Message>  
    <Resolution class="com.webratio.ide.ui.resources.ChangeAttributeResolutionGenerator" attribute="protected" value="true">Protect the page</Resolution> 
  </Warning>  
  <Warning xpath="id('sv5#area9#page42')" rootXPath="id('sv5')" label="HomePage"> 
    <Message>Security Warning: the public page 'HomePage' shows information about the user</Message>  
    <Resolution class="com.webratio.ide.ui.resources.ChangeAttributeResolutionGenerator" attribute="protected" value="true">Protect the page</Resolution> 
  </Warning>  
  <Warning xpath="id('sv5#area17#page49')" rootXPath="id('sv5')" label="HomePage"> 
    <Message>Security Warning: the public page 'HomePage' shows information about the user</Message>  
    <Resolution class="com.webratio.ide.ui.resources.ChangeAttributeResolutionGenerator" attribute="protected" value="true">Protect the page</Resolution> 
  </Warning>  
  <Warning error="false" xpath="id('sv5#area17#page46')" rootXPath="id('sv5')" key="" label="PilotDetail"> 
    <Message>Security Warning: the page 'PilotDetail' is public but no captcha field is configured on its form component</Message> 
  </Warning>  
  <Warning error="false" xpath="id('sv5#area16#page45')" rootXPath="id('sv5')" key="" label="RaceDetail"> 
    <Message>Security Warning: the page 'RaceDetail' is public but no captcha field is configured on its form component</Message> 
  </Warning>  
  <Warning error="false" xpath="id('sv5#area15#page44')" rootXPath="id('sv5')" key="" label="TrackDetail"> 
    <Message>Security Warning: the page 'TrackDetail' is public but no captcha field is configured on its form component</Message> 
  </Warning>  
  <Warning error="false" xpath="id('sv5#area15#page48')" rootXPath="id('sv5')" key="" label="HomePage"> 
    <Message>Security Warning: the page 'HomePage' is orphan</Message> 
  </Warning> 
</Warnings>
