<?xml version="1.0" encoding="UTF-8"?>

<Warnings> 
  <Warning xpath="id('sv3#area10#page30')/layout:Grid/layout:Row[2]/layout:Cell[1]/layout:Unit" rootXPath="id('sv3')" error="true" tab="layout" label="Layout Unit" key="INVALID_SUBUNIT_ORDER"> 
    <Message>The layout fields are not aligned to the fields of the component 'EditOrCreateEvent'</Message>  
    <Resolution class="com.webratio.ide.ui.resources.PostUpdateUnitResolutionGenerator" unit="sv3#area10#page30#enu8">Recompute the layout fields for the unit</Resolution> 
  </Warning>
  <Warning xpath="id('sv5#area15#page44')/layout:Grid/layout:Row[2]/layout:Cell[1]/layout:Unit" rootXPath="id('sv5')" error="true" tab="layout" label="Layout Unit" key="INVALID_SUBUNIT_ORDER"> 
    <Message>The layout fields are not aligned to the fields of the component 'EditOrCreateTrack'</Message>  
    <Resolution class="com.webratio.ide.ui.resources.PostUpdateUnitResolutionGenerator" unit="sv5#area15#page44#enu3">Recompute the layout fields for the unit</Resolution> 
  </Warning>
  <Warning xpath="id('sv5#area16#page45')/layout:Grid/layout:Row[2]/layout:Cell[1]/layout:Unit" rootXPath="id('sv5')" error="true" tab="layout" label="Layout Unit" key="INVALID_SUBUNIT_ORDER"> 
    <Message>The layout fields are not aligned to the fields of the component 'EditOrCreateRace'</Message>  
    <Resolution class="com.webratio.ide.ui.resources.PostUpdateUnitResolutionGenerator" unit="sv5#area16#page45#enu6">Recompute the layout fields for the unit</Resolution> 
  </Warning> 
</Warnings>
