<?xml version="1.0" encoding="UTF-8"?>

<Warnings> 
  <Warning xpath="id('password')" rootXPath="/WebProject/DataModel" label="password" tab="mapping"> 
    <Message>Security Warning: the 'password' attribute is not encrypted</Message>  
    <Resolution class="com.webratio.ide.ui.resources.ChangeAttributeResolutionGenerator" attribute="db:cryptAlgorithm" value="com.webratio.rtx.core.PBKDF2WithHmacSHA1CryptImplementation">Set the 'Crypt Algorithm' property to 'PBKDF2WithHmacSHA1'</Resolution> 
  </Warning>  
  <Warning xpath="id('User')" rootXPath="/WebProject/DataModel" error="true" tab="mapping" label="User"> 
    <Message>The mapping database of the entity 'User' is unspecified</Message> 
  </Warning>  
  <Warning xpath="id('Group')" rootXPath="/WebProject/DataModel" error="true" tab="mapping" label="Group"> 
    <Message>The mapping database of the entity 'Group' is unspecified</Message> 
  </Warning>  
  <Warning xpath="id('Module')" rootXPath="/WebProject/DataModel" error="true" tab="mapping" label="Module"> 
    <Message>The mapping database of the entity 'Module' is unspecified</Message> 
  </Warning>  
  <Warning xpath="id('ent1')" rootXPath="/WebProject/DataModel" error="true" tab="mapping" label="KartingCenter"> 
    <Message>The mapping database of the entity 'KartingCenter' is unspecified</Message> 
  </Warning>  
  <Warning xpath="id('ent2')" rootXPath="/WebProject/DataModel" error="true" tab="mapping" label="Track"> 
    <Message>The mapping database of the entity 'Track' is unspecified</Message> 
  </Warning>  
  <Warning xpath="id('ent3')" rootXPath="/WebProject/DataModel" error="true" tab="mapping" label="KartingCenterAdmin"> 
    <Message>The mapping database of the entity 'KartingCenterAdmin' is unspecified</Message> 
  </Warning>  
  <Warning xpath="id('ent5')" rootXPath="/WebProject/DataModel" error="true" tab="mapping" label="GoKart"> 
    <Message>The mapping database of the entity 'GoKart' is unspecified</Message> 
  </Warning>  
  <Warning xpath="id('ent6')" rootXPath="/WebProject/DataModel" error="true" tab="mapping" label="GoKartModel"> 
    <Message>The mapping database of the entity 'GoKartModel' is unspecified</Message> 
  </Warning>  
  <Warning xpath="id('ent7')" rootXPath="/WebProject/DataModel" error="true" tab="mapping" label="Race"> 
    <Message>The mapping database of the entity 'Race' is unspecified</Message> 
  </Warning>  
  <Warning xpath="id('ent9')" rootXPath="/WebProject/DataModel" error="true" tab="mapping" label="Event"> 
    <Message>The mapping database of the entity 'Event' is unspecified</Message> 
  </Warning>  
  <Warning xpath="id('ent10')" rootXPath="/WebProject/DataModel" error="true" tab="mapping" label="Organizer"> 
    <Message>The mapping database of the entity 'Organizer' is unspecified</Message> 
  </Warning>  
  <Warning xpath="id('ent11')" rootXPath="/WebProject/DataModel" error="true" tab="mapping" label="EventCategory"> 
    <Message>The mapping database of the entity 'EventCategory' is unspecified</Message> 
  </Warning>  
  <Warning xpath="id('ent12')" rootXPath="/WebProject/DataModel" error="true" tab="mapping" label="Pilot"> 
    <Message>The mapping database of the entity 'Pilot' is unspecified</Message> 
  </Warning>  
  <Warning xpath="id('ent13')" rootXPath="/WebProject/DataModel" error="true" tab="mapping" label="UpcomingEvent"> 
    <Message>The mapping database of the entity 'UpcomingEvent' is unspecified</Message> 
  </Warning>  
  <Warning xpath="id('ent14')" rootXPath="/WebProject/DataModel" error="true" tab="mapping" label="PopularEvent"> 
    <Message>The mapping database of the entity 'PopularEvent' is unspecified</Message> 
  </Warning>  
  <Warning xpath="id('ent15')" rootXPath="/WebProject/DataModel" error="true" tab="mapping" label="City"> 
    <Message>The mapping database of the entity 'City' is unspecified</Message> 
  </Warning>  
  <Warning xpath="id('ent16')" rootXPath="/WebProject/DataModel" error="true" tab="mapping" label="PopularTrack"> 
    <Message>The mapping database of the entity 'PopularTrack' is unspecified</Message> 
  </Warning>  
  <Warning xpath="id('ent17')" rootXPath="/WebProject/DataModel" error="true" tab="mapping" label="LeaderBoard"> 
    <Message>The mapping database of the entity 'LeaderBoard' is unspecified</Message> 
  </Warning>  
  <Warning xpath="id('ent18')" rootXPath="/WebProject/DataModel" error="true" tab="mapping" label="Timetable"> 
    <Message>The mapping database of the entity 'Timetable' is unspecified</Message> 
  </Warning>  
  <Warning xpath="id('ent19')" rootXPath="/WebProject/DataModel" error="true" tab="mapping" label="ControversialEvent"> 
    <Message>The mapping database of the entity 'ControversialEvent' is unspecified</Message> 
  </Warning>  
  <Warning xpath="id('ent21')" rootXPath="/WebProject/DataModel" error="true" tab="mapping" label="PriceRange"> 
    <Message>The mapping database of the entity 'PriceRange' is unspecified</Message> 
  </Warning>  
  <Warning xpath="id('ent22')" rootXPath="/WebProject/DataModel" error="true" tab="mapping" label="Reservation"> 
    <Message>The mapping database of the entity 'Reservation' is unspecified</Message> 
  </Warning>  
  <Warning xpath="id('ent23')" rootXPath="/WebProject/DataModel" error="true" tab="mapping" label="EventReview"> 
    <Message>The mapping database of the entity 'EventReview' is unspecified</Message> 
  </Warning>  
  <Warning xpath="id('ent24')" rootXPath="/WebProject/DataModel" error="true" tab="mapping" label="KartingCenterReview"> 
    <Message>The mapping database of the entity 'KartingCenterReview' is unspecified</Message> 
  </Warning>  
  <Warning xpath="id('ent20')" rootXPath="/WebProject/DataModel" error="true" tab="mapping" label="TrackLengthRange"> 
    <Message>The mapping database of the entity 'TrackLengthRange' is unspecified</Message> 
  </Warning>  
  <Warning xpath="id('ent25')" rootXPath="/WebProject/DataModel" error="true" tab="mapping" label="TrackDifficulty"> 
    <Message>The mapping database of the entity 'TrackDifficulty' is unspecified</Message> 
  </Warning>  
  <Warning xpath="id('ent26')" rootXPath="/WebProject/DataModel" error="true" tab="mapping" label="TrackAsphalt"> 
    <Message>The mapping database of the entity 'TrackAsphalt' is unspecified</Message> 
  </Warning>  
  <Warning xpath="id('ent8')" rootXPath="/WebProject/DataModel" error="true" tab="mapping" label="LapTime"> 
    <Message>The mapping database of the entity 'LapTime' is unspecified</Message> 
  </Warning>  
  <Warning xpath="id('ent27')" rootXPath="/WebProject/DataModel" error="true" tab="mapping" label="NEventsRange"> 
    <Message>The mapping database of the entity 'NEventsRange' is unspecified</Message> 
  </Warning>  
  <Warning xpath="id('ent28')" rootXPath="/WebProject/DataModel" error="true" tab="mapping" label="NRacesRange"> 
    <Message>The mapping database of the entity 'NRacesRange' is unspecified</Message> 
  </Warning>  
  <Warning xpath="id('ent29')" rootXPath="/WebProject/DataModel" error="true" tab="mapping" label="NPilotsRange"> 
    <Message>The mapping database of the entity 'NPilotsRange' is unspecified</Message> 
  </Warning>  
  <Warning xpath="id('ent30')" rootXPath="/WebProject/DataModel" error="true" tab="mapping" label="Clerk"> 
    <Message>The mapping database of the entity 'Clerk' is unspecified</Message> 
  </Warning>  
  <Warning xpath="id('ent4')" rootXPath="/WebProject/DataModel" error="true" tab="mapping" label="KCReviewScoreRange"> 
    <Message>The mapping database of the entity 'KCReviewScoreRange' is unspecified</Message> 
  </Warning>  
  <Warning xpath="id('ent31')" rootXPath="/WebProject/DataModel" error="true" tab="mapping" label="EReviewScoreRange"> 
    <Message>The mapping database of the entity 'EReviewScoreRange' is unspecified</Message> 
  </Warning>  
  <Warning xpath="id('ent32')" rootXPath="/WebProject/DataModel" error="true" tab="mapping" label="TrackReview"> 
    <Message>The mapping database of the entity 'TrackReview' is unspecified</Message> 
  </Warning>  
  <Warning xpath="id('ent33')" rootXPath="/WebProject/DataModel" error="true" tab="mapping" label="TReviewScoreRange"> 
    <Message>The mapping database of the entity 'TReviewScoreRange' is unspecified</Message> 
  </Warning>  
  <Warning xpath="id('ent34')" rootXPath="/WebProject/DataModel" error="true" tab="mapping" label="Application"> 
    <Message>The mapping database of the entity 'Application' is unspecified</Message> 
  </Warning>  
  <Warning xpath="id('ent35')" rootXPath="/WebProject/DataModel" error="true" tab="mapping" label="Review"> 
    <Message>The mapping database of the entity 'Review' is unspecified</Message> 
  </Warning>  
  <Warning xpath="id('ent37')" rootXPath="/WebProject/DataModel" error="true" tab="mapping" label="Administrator"> 
    <Message>The mapping database of the entity 'Administrator' is unspecified</Message> 
  </Warning>  
  <Warning xpath="id('User2Group_Group2User')" rootXPath="/WebProject/DataModel" error="true" tab="mapping" label="User_Group"> 
    <Message>The mapping database of the relationship 'User_Group' is unspecified</Message> 
  </Warning>
  <Warning xpath="id('User2DefaultGroup_DefaultGroup2User')" rootXPath="/WebProject/DataModel" error="true" tab="mapping" label="User_DefaultGroup"> 
    <Message>The mapping database of the relationship 'User_DefaultGroup' is unspecified</Message> 
  </Warning>
  <Warning xpath="id('Group2DefaultModule_DefaultModule2Group')" rootXPath="/WebProject/DataModel" error="true" tab="mapping" label="Group_DefaultModule"> 
    <Message>The mapping database of the relationship 'Group_DefaultModule' is unspecified</Message> 
  </Warning>
  <Warning xpath="id('Group2Module_Module2Group')" rootXPath="/WebProject/DataModel" error="true" tab="mapping" label="Group_Module"> 
    <Message>The mapping database of the relationship 'Group_Module' is unspecified</Message> 
  </Warning>
  <Warning xpath="id('rel1')" rootXPath="/WebProject/DataModel" error="true" tab="mapping" label="KartingCenter_Track"> 
    <Message>The mapping database of the relationship 'KartingCenter_Track' is unspecified</Message> 
  </Warning>
  <Warning xpath="id('rel4')" rootXPath="/WebProject/DataModel" error="true" tab="mapping" label="KartingCenterAdmin_KartingCenter"> 
    <Message>The mapping database of the relationship 'KartingCenterAdmin_KartingCenter' is unspecified</Message> 
  </Warning>
  <Warning xpath="id('rel6')" rootXPath="/WebProject/DataModel" error="true" tab="mapping" label="GoKart_Track"> 
    <Message>The mapping database of the relationship 'GoKart_Track' is unspecified</Message> 
  </Warning>
  <Warning xpath="id('rel7')" rootXPath="/WebProject/DataModel" error="true" tab="mapping" label="GoKartCategory_GoKart"> 
    <Message>The mapping database of the relationship 'GoKartCategory_GoKart' is unspecified</Message> 
  </Warning>
  <Warning xpath="id('rel8')" rootXPath="/WebProject/DataModel" error="true" tab="mapping" label="Race_Track"> 
    <Message>The mapping database of the relationship 'Race_Track' is unspecified</Message> 
  </Warning>
  <Warning xpath="id('rel2')" rootXPath="/WebProject/DataModel" error="true" tab="mapping" label="Event_Race"> 
    <Message>The mapping database of the relationship 'Event_Race' is unspecified</Message> 
  </Warning>
  <Warning xpath="id('rel3')" rootXPath="/WebProject/DataModel" error="true" tab="mapping" label="Organizer_Event"> 
    <Message>The mapping database of the relationship 'Organizer_Event' is unspecified</Message> 
  </Warning>
  <Warning xpath="id('rel10')" rootXPath="/WebProject/DataModel" error="true" tab="mapping" label="EventCategory_Event"> 
    <Message>The mapping database of the relationship 'EventCategory_Event' is unspecified</Message> 
  </Warning>
  <Warning xpath="id('rel11')" rootXPath="/WebProject/DataModel" error="true" tab="mapping" label="Participation"> 
    <Message>The mapping database of the relationship 'Participation' is unspecified</Message> 
  </Warning>
  <Warning xpath="id('rel12')" rootXPath="/WebProject/DataModel" error="true" tab="mapping" label="City_KartingCenter"> 
    <Message>The mapping database of the relationship 'City_KartingCenter' is unspecified</Message> 
  </Warning>
  <Warning xpath="id('rel13')" rootXPath="/WebProject/DataModel" error="true" tab="mapping" label="LeaderBoard_Track"> 
    <Message>The mapping database of the relationship 'LeaderBoard_Track' is unspecified</Message> 
  </Warning>
  <Warning xpath="id('rel14')" rootXPath="/WebProject/DataModel" error="true" tab="mapping" label="Timetable_Track"> 
    <Message>The mapping database of the relationship 'Timetable_Track' is unspecified</Message> 
  </Warning>
  <Warning xpath="id('rel15')" rootXPath="/WebProject/DataModel" error="true" tab="mapping" label="EventConfirmed4Pilot"> 
    <Message>The mapping database of the relationship 'EventConfirmed4Pilot' is unspecified</Message> 
  </Warning>
  <Warning xpath="id('rel19')" rootXPath="/WebProject/DataModel" error="true" tab="mapping" label="PriceRange_Event"> 
    <Message>The mapping database of the relationship 'PriceRange_Event' is unspecified</Message> 
  </Warning>
  <Warning xpath="id('rel20')" rootXPath="/WebProject/DataModel" error="true" tab="mapping" label="GoKartCategory_Track"> 
    <Message>The mapping database of the relationship 'GoKartCategory_Track' is unspecified</Message> 
  </Warning>
  <Warning xpath="id('rel21')" rootXPath="/WebProject/DataModel" error="true" tab="mapping" label="Pilot_Reservation"> 
    <Message>The mapping database of the relationship 'Pilot_Reservation' is unspecified</Message> 
  </Warning>
  <Warning xpath="id('rel22')" rootXPath="/WebProject/DataModel" error="true" tab="mapping" label="Reservation_Race"> 
    <Message>The mapping database of the relationship 'Reservation_Race' is unspecified</Message> 
  </Warning>
  <Warning xpath="id('rel25')" rootXPath="/WebProject/DataModel" error="true" tab="mapping" label="EventReview_Pilot"> 
    <Message>The mapping database of the relationship 'EventReview_Pilot' is unspecified</Message> 
  </Warning>
  <Warning xpath="id('rel26')" rootXPath="/WebProject/DataModel" error="true" tab="mapping" label="EventReview_Event"> 
    <Message>The mapping database of the relationship 'EventReview_Event' is unspecified</Message> 
  </Warning>
  <Warning xpath="id('rel28')" rootXPath="/WebProject/DataModel" error="true" tab="mapping" label="KartingCenterReview_KartingCenter"> 
    <Message>The mapping database of the relationship 'KartingCenterReview_KartingCenter' is unspecified</Message> 
  </Warning>
  <Warning xpath="id('rel29')" rootXPath="/WebProject/DataModel" error="true" tab="mapping" label="Pilot_KartingCenterReview"> 
    <Message>The mapping database of the relationship 'Pilot_KartingCenterReview' is unspecified</Message> 
  </Warning>
  <Warning xpath="id('rel18')" rootXPath="/WebProject/DataModel" error="true" tab="mapping" label="Track_TrackLength"> 
    <Message>The mapping database of the relationship 'Track_TrackLength' is unspecified</Message> 
  </Warning>
  <Warning xpath="id('rel23')" rootXPath="/WebProject/DataModel" error="true" tab="mapping" label="TrackDifficulty_Track"> 
    <Message>The mapping database of the relationship 'TrackDifficulty_Track' is unspecified</Message> 
  </Warning>
  <Warning xpath="id('rel30')" rootXPath="/WebProject/DataModel" error="true" tab="mapping" label="TrackAsphalt_Track"> 
    <Message>The mapping database of the relationship 'TrackAsphalt_Track' is unspecified</Message> 
  </Warning>
  <Warning xpath="id('rel5')" rootXPath="/WebProject/DataModel" error="true" tab="mapping" label="Timetable_Reservation"> 
    <Message>The mapping database of the relationship 'Timetable_Reservation' is unspecified</Message> 
  </Warning>
  <Warning xpath="id('rel24')" rootXPath="/WebProject/DataModel" error="true" tab="mapping" label="Race_LapTime"> 
    <Message>The mapping database of the relationship 'Race_LapTime' is unspecified</Message> 
  </Warning>
  <Warning xpath="id('rel27')" rootXPath="/WebProject/DataModel" error="true" tab="mapping" label="LapTime_Pilot"> 
    <Message>The mapping database of the relationship 'LapTime_Pilot' is unspecified</Message> 
  </Warning>
  <Warning xpath="id('rel31')" rootXPath="/WebProject/DataModel" error="true" tab="mapping" label="NEventsRange_KartingCenter"> 
    <Message>The mapping database of the relationship 'NEventsRange_KartingCenter' is unspecified</Message> 
  </Warning>
  <Warning xpath="id('rel32')" rootXPath="/WebProject/DataModel" error="true" tab="mapping" label="NRacesRange_KartingCenter"> 
    <Message>The mapping database of the relationship 'NRacesRange_KartingCenter' is unspecified</Message> 
  </Warning>
  <Warning xpath="id('rel33')" rootXPath="/WebProject/DataModel" error="true" tab="mapping" label="NPilotsRange_KartingCenter"> 
    <Message>The mapping database of the relationship 'NPilotsRange_KartingCenter' is unspecified</Message> 
  </Warning>
  <Warning xpath="id('rel34')" rootXPath="/WebProject/DataModel" error="true" tab="mapping" label="Organizer_Reservation"> 
    <Message>The mapping database of the relationship 'Organizer_Reservation' is unspecified</Message> 
  </Warning>
  <Warning xpath="id('rel35')" rootXPath="/WebProject/DataModel" error="true" tab="mapping" label="Clerk_KartingCenter"> 
    <Message>The mapping database of the relationship 'Clerk_KartingCenter' is unspecified</Message> 
  </Warning>
  <Warning xpath="id('rel36')" rootXPath="/WebProject/DataModel" error="true" tab="mapping" label="Clerk_Reservation"> 
    <Message>The mapping database of the relationship 'Clerk_Reservation' is unspecified</Message> 
  </Warning>
  <Warning xpath="id('rel37')" rootXPath="/WebProject/DataModel" error="true" tab="mapping" label="LeaderBoard_LapTime"> 
    <Message>The mapping database of the relationship 'LeaderBoard_LapTime' is unspecified</Message> 
  </Warning>
  <Warning xpath="id('rel38')" rootXPath="/WebProject/DataModel" error="true" tab="mapping" label="KCReviewScoreRange_KartingCenter"> 
    <Message>The mapping database of the relationship 'KCReviewScoreRange_KartingCenter' is unspecified</Message> 
  </Warning>
  <Warning xpath="id('rel39')" rootXPath="/WebProject/DataModel" error="true" tab="mapping" label="EReviewScoreRange_Event"> 
    <Message>The mapping database of the relationship 'EReviewScoreRange_Event' is unspecified</Message> 
  </Warning>
  <Warning xpath="id('rel40')" rootXPath="/WebProject/DataModel" error="true" tab="mapping" label="NPilotsRange_Track"> 
    <Message>The mapping database of the relationship 'NPilotsRange_Track' is unspecified</Message> 
  </Warning>
  <Warning xpath="id('rel41')" rootXPath="/WebProject/DataModel" error="true" tab="mapping" label="NEventsRange_Track"> 
    <Message>The mapping database of the relationship 'NEventsRange_Track' is unspecified</Message> 
  </Warning>
  <Warning xpath="id('rel42')" rootXPath="/WebProject/DataModel" error="true" tab="mapping" label="NRacesRange_Track"> 
    <Message>The mapping database of the relationship 'NRacesRange_Track' is unspecified</Message> 
  </Warning>
  <Warning xpath="id('rel43')" rootXPath="/WebProject/DataModel" error="true" tab="mapping" label="City_Track"> 
    <Message>The mapping database of the relationship 'City_Track' is unspecified</Message> 
  </Warning>
  <Warning xpath="id('rel44')" rootXPath="/WebProject/DataModel" error="true" tab="mapping" label="City_Event"> 
    <Message>The mapping database of the relationship 'City_Event' is unspecified</Message> 
  </Warning>
  <Warning xpath="id('rel45')" rootXPath="/WebProject/DataModel" error="true" tab="mapping" label="TrackReview_Pilot"> 
    <Message>The mapping database of the relationship 'TrackReview_Pilot' is unspecified</Message> 
  </Warning>
  <Warning xpath="id('rel46')" rootXPath="/WebProject/DataModel" error="true" tab="mapping" label="TrackReview_Track"> 
    <Message>The mapping database of the relationship 'TrackReview_Track' is unspecified</Message> 
  </Warning>
  <Warning xpath="id('rel47')" rootXPath="/WebProject/DataModel" error="true" tab="mapping" label="TReviewScoreRange_Track"> 
    <Message>The mapping database of the relationship 'TReviewScoreRange_Track' is unspecified</Message> 
  </Warning>
  <Warning xpath="id('rel50')" rootXPath="/WebProject/DataModel" error="true" tab="mapping" label="FavouriteTracks"> 
    <Message>The mapping database of the relationship 'FavouriteTracks' is unspecified</Message> 
  </Warning>
  <Warning xpath="id('rel51')" rootXPath="/WebProject/DataModel" error="true" tab="mapping" label="LastRace"> 
    <Message>The mapping database of the relationship 'LastRace' is unspecified</Message> 
  </Warning>
  <Warning xpath="id('rel48')" rootXPath="/WebProject/DataModel" error="true" tab="mapping" label="Pilot_Application"> 
    <Message>The mapping database of the relationship 'Pilot_Application' is unspecified</Message> 
  </Warning>
  <Warning xpath="id('rel49')" rootXPath="/WebProject/DataModel" error="true" tab="mapping" label="Application_Event"> 
    <Message>The mapping database of the relationship 'Application_Event' is unspecified</Message> 
  </Warning>
  <Warning xpath="id('rel52')" rootXPath="/WebProject/DataModel" error="true" tab="mapping" label="Event_KartingCenter"> 
    <Message>The mapping database of the relationship 'Event_KartingCenter' is unspecified</Message> 
  </Warning>
  <Warning xpath="id('rel53')" rootXPath="/WebProject/DataModel" error="true" tab="mapping" label="Event_Track"> 
    <Message>The mapping database of the relationship 'Event_Track' is unspecified</Message> 
  </Warning> 
</Warnings>
