<?xml version="1.0" encoding="UTF-8"?>

<Warnings> 
  <Warning xpath="id('sv6#area21#page67#inu54#ln243')" rootXPath="id('sv6')" key="AUTOMATIC_COUPLING_WITHOUT_EFFECT" label="Flow243"> 
    <Message>Neither explicit nor implicit parameters' bindings could be found for the flow 'Flow243'</Message>  
    <Resolution class="com.webratio.ide.ui.resources.ChangeAttributeResolutionGenerator" attribute="automaticCoupling" value="">Remove the 'Automatic Coupling' property</Resolution> 
  </Warning>  
  <Warning xpath="id('sv6#area22#page73#inu55#ln254')" rootXPath="id('sv6')" key="AUTOMATIC_COUPLING_WITHOUT_EFFECT" label="KCadmin"> 
    <Message>Neither explicit nor implicit parameters' bindings could be found for the flow 'KCadmin'</Message>  
    <Resolution class="com.webratio.ide.ui.resources.ChangeAttributeResolutionGenerator" attribute="automaticCoupling" value="">Remove the 'Automatic Coupling' property</Resolution> 
  </Warning>  
  <Warning xpath="id('sv6#area21#inn6#oln157#par618')" rootXPath="id('sv6')" key="UNUSED_PASSING_PARAMETER" label="oid_KartingCenter_PASSING"> 
    <Message>The passing parameter 'oid_KartingCenter_PASSING' is declared but never used</Message>  
    <Resolution class="com.webratio.ide.ui.resources.RemoveElementResolutionGenerator">Remove the invalid link parameter 'sv6#area21#inn6#oln157#par618'</Resolution> 
  </Warning>  
  <Warning xpath="id('sv6#area21#opg14#cnu38#oln163')" rootXPath="id('sv6')" key="AUTOMATIC_COUPLING_WITHOUT_EFFECT" label="OKFlow163"> 
    <Message>Neither explicit nor implicit parameters' bindings could be found for the flow 'OKFlow163'</Message>  
    <Resolution class="com.webratio.ide.ui.resources.ChangeAttributeResolutionGenerator" attribute="automaticCoupling" value="">Remove the 'Automatic Coupling' property</Resolution> 
  </Warning>  
  <Warning xpath="id('sv6#area21#opg14#mfu11#oln162')" rootXPath="id('sv6')" key="AUTOMATIC_COUPLING_WITHOUT_EFFECT" label="OKFlow162"> 
    <Message>Neither explicit nor implicit parameters' bindings could be found for the flow 'OKFlow162'</Message>  
    <Resolution class="com.webratio.ide.ui.resources.ChangeAttributeResolutionGenerator" attribute="automaticCoupling" value="">Remove the 'Automatic Coupling' property</Resolution> 
  </Warning>  
  <Warning xpath="id('sv6#area22#opg16#cnu41#oln186')" rootXPath="id('sv6')" key="AUTOMATIC_COUPLING_WITHOUT_EFFECT" label="OKFlow186"> 
    <Message>Neither explicit nor implicit parameters' bindings could be found for the flow 'OKFlow186'</Message>  
    <Resolution class="com.webratio.ide.ui.resources.ChangeAttributeResolutionGenerator" attribute="automaticCoupling" value="">Remove the 'Automatic Coupling' property</Resolution> 
  </Warning>  
  <Warning xpath="id('sv6#area22#opg16#cnu42#oln185')" rootXPath="id('sv6')" key="AUTOMATIC_COUPLING_WITHOUT_EFFECT" label="OKFlow185"> 
    <Message>Neither explicit nor implicit parameters' bindings could be found for the flow 'OKFlow185'</Message>  
    <Resolution class="com.webratio.ide.ui.resources.ChangeAttributeResolutionGenerator" attribute="automaticCoupling" value="">Remove the 'Automatic Coupling' property</Resolution> 
  </Warning>  
  <Warning xpath="id('sv6#area21#opg14#cru15')" rootXPath="id('sv6')" error="false" label="CreateKartingCenter" key="NO_OUTGOING_KO_LINKS"> 
    <Message>No outgoing KO flow(s) for the operation 'CreateKartingCenter'</Message> 
  </Warning>  
  <Warning xpath="id('sv6#area21#opg14#cnu37')" rootXPath="id('sv6')" error="false" label="KC_to_KCadmin" key="NO_OUTGOING_KO_LINKS"> 
    <Message>No outgoing KO flow(s) for the operation 'KC_to_KCadmin'</Message> 
  </Warning>  
  <Warning xpath="id('sv6#area21#opg14#cnu38')" rootXPath="id('sv6')" error="false" label="KC_to_City" key="NO_OUTGOING_KO_LINKS"> 
    <Message>No outgoing KO flow(s) for the operation 'KC_to_City'</Message> 
  </Warning>  
  <Warning xpath="id('sv6#area21#opg14#mfu11')" rootXPath="id('sv6')" error="false" label="UpdateKartingCenter" key="NO_OUTGOING_KO_LINKS"> 
    <Message>No outgoing KO flow(s) for the operation 'UpdateKartingCenter'</Message> 
  </Warning>  
  <Warning xpath="id('sv6#area21#opg15#dcnu38')" rootXPath="id('sv6')" error="false" label="Dis_Clerks_from_KC" key="NO_OUTGOING_KO_LINKS"> 
    <Message>No outgoing KO flow(s) for the operation 'Dis_Clerks_from_KC'</Message> 
  </Warning>  
  <Warning xpath="id('sv6#area21#opg15#seu74')" rootXPath="id('sv6')" error="false" label="Tracks" key="NO_OUTGOING_KO_LINKS"> 
    <Message>No outgoing KO flow(s) for the operation 'Tracks'</Message> 
  </Warning>  
  <Warning xpath="id('sv6#area21#opg15#dcnu39')" rootXPath="id('sv6')" error="false" label="Dis_Tracks_from_KC" key="NO_OUTGOING_KO_LINKS"> 
    <Message>No outgoing KO flow(s) for the operation 'Dis_Tracks_from_KC'</Message> 
  </Warning>  
  <Warning xpath="id('sv6#area21#opg15#seu75')" rootXPath="id('sv6')" error="false" label="Clerks" key="NO_OUTGOING_KO_LINKS"> 
    <Message>No outgoing KO flow(s) for the operation 'Clerks'</Message> 
  </Warning>  
  <Warning xpath="id('sv6#area21#opg15#dlu22')" rootXPath="id('sv6')" error="false" label="Del_KCReview" key="NO_OUTGOING_KO_LINKS"> 
    <Message>No outgoing KO flow(s) for the operation 'Del_KCReview'</Message> 
  </Warning>  
  <Warning xpath="id('sv6#area21#opg15#seu76')" rootXPath="id('sv6')" error="false" label="KCReviews" key="NO_OUTGOING_KO_LINKS"> 
    <Message>No outgoing KO flow(s) for the operation 'KCReviews'</Message> 
  </Warning>  
  <Warning xpath="id('sv6#area21#opg13#seu67')" rootXPath="id('sv6')" error="false" label="KCInCity" key="NO_OUTGOING_KO_LINKS"> 
    <Message>No outgoing KO flow(s) for the operation 'KCInCity'</Message> 
  </Warning>  
  <Warning xpath="id('sv6#area21#opg13#seu68')" rootXPath="id('sv6')" error="false" label="EventsInCity" key="NO_OUTGOING_KO_LINKS"> 
    <Message>No outgoing KO flow(s) for the operation 'EventsInCity'</Message> 
  </Warning>  
  <Warning xpath="id('sv6#area21#opg13#dcnu33')" rootXPath="id('sv6')" error="false" label="Dis_Tracks_from_City" key="NO_OUTGOING_KO_LINKS"> 
    <Message>No outgoing KO flow(s) for the operation 'Dis_Tracks_from_City'</Message> 
  </Warning>  
  <Warning xpath="id('sv6#area21#opg13#dlu15')" rootXPath="id('sv6')" error="false" label="Del_City" key="NO_OUTGOING_KO_LINKS"> 
    <Message>No outgoing KO flow(s) for the operation 'Del_City'</Message> 
  </Warning>  
  <Warning xpath="id('sv6#area21#opg13#dcnu34')" rootXPath="id('sv6')" error="false" label="Dis_Events_from_City" key="NO_OUTGOING_KO_LINKS"> 
    <Message>No outgoing KO flow(s) for the operation 'Dis_Events_from_City'</Message> 
  </Warning>  
  <Warning xpath="id('sv6#area21#opg13#dcnu35')" rootXPath="id('sv6')" error="false" label="Dis_KCs_from_City" key="NO_OUTGOING_KO_LINKS"> 
    <Message>No outgoing KO flow(s) for the operation 'Dis_KCs_from_City'</Message> 
  </Warning>  
  <Warning xpath="id('sv6#area21#opg13#seu69')" rootXPath="id('sv6')" error="false" label="TracksInCity" key="NO_OUTGOING_KO_LINKS"> 
    <Message>No outgoing KO flow(s) for the operation 'TracksInCity'</Message> 
  </Warning>  
  <Warning xpath="id('sv6#area22#opg17#dcnu43')" rootXPath="id('sv6')" error="false" label="Dis_KCs_from_KCadmin" key="NO_OUTGOING_KO_LINKS"> 
    <Message>No outgoing KO flow(s) for the operation 'Dis_KCs_from_KCadmin'</Message> 
  </Warning>  
  <Warning xpath="id('sv6#area22#opg17#dlu24')" rootXPath="id('sv6')" error="false" label="Del_KCadmin" key="NO_OUTGOING_KO_LINKS"> 
    <Message>No outgoing KO flow(s) for the operation 'Del_KCadmin'</Message> 
  </Warning>  
  <Warning xpath="id('sv6#area22#opg17#seu82')" rootXPath="id('sv6')" error="false" label="KCs" key="NO_OUTGOING_KO_LINKS"> 
    <Message>No outgoing KO flow(s) for the operation 'KCs'</Message> 
  </Warning>  
  <Warning xpath="id('sv6#area22#opg16#cnu41')" rootXPath="id('sv6')" error="false" label="KCs_to_KCadmin" key="NO_OUTGOING_KO_LINKS"> 
    <Message>No outgoing KO flow(s) for the operation 'KCs_to_KCadmin'</Message> 
  </Warning>  
  <Warning xpath="id('sv6#area22#opg16#cnu42')" rootXPath="id('sv6')" error="false" label="NewKCs_to_KCadmin" key="NO_OUTGOING_KO_LINKS"> 
    <Message>No outgoing KO flow(s) for the operation 'NewKCs_to_KCadmin'</Message> 
  </Warning>  
  <Warning xpath="id('sv6#area22#opg16#mfu13')" rootXPath="id('sv6')" error="false" label="UpdateKCAdmin" key="NO_OUTGOING_KO_LINKS"> 
    <Message>No outgoing KO flow(s) for the operation 'UpdateKCAdmin'</Message> 
  </Warning>  
  <Warning xpath="id('sv6#area22#opg16#dcnu41')" rootXPath="id('sv6')" error="false" label="DisCurrKCs_from_KCadmin" key="NO_OUTGOING_KO_LINKS"> 
    <Message>No outgoing KO flow(s) for the operation 'DisCurrKCs_from_KCadmin'</Message> 
  </Warning>  
  <Warning xpath="id('sv6#area22#opg16#cru17')" rootXPath="id('sv6')" error="false" label="CreateKCadmin" key="NO_OUTGOING_KO_LINKS"> 
    <Message>No outgoing KO flow(s) for the operation 'CreateKCadmin'</Message> 
  </Warning>  
  <Warning xpath="id('sv6#area22#opg16#seu80')" rootXPath="id('sv6')" error="false" label="CurrentKCs" key="NO_OUTGOING_KO_LINKS"> 
    <Message>No outgoing KO flow(s) for the operation 'CurrentKCs'</Message> 
  </Warning>  
  <Warning error="false" xpath="id('sv6#area21#page68#dau25')" rootXPath="id('sv6')" key="NO_DISPLAY_ATTRIBUTES" label="KC"> 
    <Message>No attributes to display are specified for the component 'KC'</Message> 
  </Warning>  
  <Warning error="false" xpath="id('sv6#area21#page67#inu54')" rootXPath="id('sv6')" key="NO_DISPLAY_ATTRIBUTES" label="AllKartingCenters"> 
    <Message>No attributes to display are specified for the component 'AllKartingCenters'</Message> 
  </Warning>  
  <Warning error="false" xpath="id('sv6#area21#page67#inu54')" rootXPath="id('sv6')" key="UNSPECIFIED_SORTING_ATTRIBUTE" label="AllKartingCenters"> 
    <Message>Sorting attribute are unspecified for the component 'AllKartingCenters'</Message> 
  </Warning>  
  <Warning error="false" xpath="id('sv6#area22#page74#dau26')" rootXPath="id('sv6')" key="NO_DISPLAY_ATTRIBUTES" label="KCadmin"> 
    <Message>No attributes to display are specified for the component 'KCadmin'</Message> 
  </Warning>  
  <Warning error="false" xpath="id('sv6#area22#page73#inu55')" rootXPath="id('sv6')" key="NO_DISPLAY_ATTRIBUTES" label="AllKCadministrators"> 
    <Message>No attributes to display are specified for the component 'AllKCadministrators'</Message> 
  </Warning>  
  <Warning error="false" xpath="id('sv6#area22#page73#inu55')" rootXPath="id('sv6')" key="UNSPECIFIED_SORTING_ATTRIBUTE" label="AllKCadministrators"> 
    <Message>Sorting attribute are unspecified for the component 'AllKCadministrators'</Message> 
  </Warning>  
  <Warning xpath="id('sv6#area22#page74#enu17#fld49')" rootXPath="id('sv6')" label="password"> 
    <Message>Security Warning: the password field 'password' does not have any validation to ensure password strength</Message>  
    <Resolution class="com.webratio.ide.ui.resources.AddMissingValidationRuleResolutionGenerator" validationRuleName="PasswordStrengthValidationRule">Add missing Password Strength validation rule</Resolution> 
  </Warning>  
  <Warning xpath="id('sv6#area21#page68')" rootXPath="id('sv6')" label="ManageKartingCenter"> 
    <Message>Security Warning: the public page 'ManageKartingCenter' shows information about the user</Message>  
    <Resolution class="com.webratio.ide.ui.resources.ChangeAttributeResolutionGenerator" attribute="protected" value="true">Protect the page</Resolution> 
  </Warning>  
  <Warning xpath="id('sv6#area22#page73')" rootXPath="id('sv6')" label="HomePage"> 
    <Message>Security Warning: the public page 'HomePage' shows information about the user</Message>  
    <Resolution class="com.webratio.ide.ui.resources.ChangeAttributeResolutionGenerator" attribute="protected" value="true">Protect the page</Resolution> 
  </Warning>  
  <Warning xpath="id('sv6#area18#page66')" rootXPath="id('sv6')" label="HomePage"> 
    <Message>Security Warning: the public page 'HomePage' shows information about the user</Message>  
    <Resolution class="com.webratio.ide.ui.resources.ChangeAttributeResolutionGenerator" attribute="protected" value="true">Protect the page</Resolution> 
  </Warning>  
  <Warning xpath="id('sv6#area22#page74')" rootXPath="id('sv6')" label="ManageKCadmin"> 
    <Message>Security Warning: the public page 'ManageKCadmin' shows information about the user</Message>  
    <Resolution class="com.webratio.ide.ui.resources.ChangeAttributeResolutionGenerator" attribute="protected" value="true">Protect the page</Resolution> 
  </Warning>  
  <Warning error="false" xpath="id('sv6#area21#page68')" rootXPath="id('sv6')" key="" label="ManageKartingCenter"> 
    <Message>Security Warning: the page 'ManageKartingCenter' is public but no captcha field is configured on its form component</Message> 
  </Warning>  
  <Warning error="false" xpath="id('sv6#area22#page74')" rootXPath="id('sv6')" key="" label="ManageKCadmin"> 
    <Message>Security Warning: the page 'ManageKCadmin' is public but no captcha field is configured on its form component</Message> 
  </Warning> 
</Warnings>
